count,label,uid
10,9-Dec,30568
1,9-Dec,223226
3,9-Dec,83805
2,9-Dec,207838
4,9-Dec,10527
4,9-Dec,219159
7,9-Dec,16800
17,9-Dec,1070
1,9-Dec,49381
2,9-Dec,3041
2,9-Dec,32958
12,9-Dec,95612
7,9-Dec,1288
1,9-Dec,75224
10,9-Dec,14149
3,9-Dec,15609
4,9-Dec,74118
11,9-Dec,10893
4,9-Dec,129655
1,9-Dec,3205
1,9-Dec,5618
2,9-Dec,68204
1,9-Dec,270
3,9-Dec,1820
3,9-Dec,75956
2,9-Dec,85170
1,9-Dec,34855
1,9-Dec,108578
6,9-Dec,44540
4,9-Dec,178385
2,9-Dec,449902
2,9-Dec,6236
1,9-Dec,36429
1,9-Dec,9587
4,9-Dec,184773
4,9-Dec,158014
16,9-Dec,202085
9,9-Dec,30447
5,9-Dec,99692
27,9-Dec,93623
1,9-Dec,84278
1,9-Dec,119895
1,9-Dec,57508
3,9-Dec,100190
17,9-Dec,144491
6,9-Dec,12195
102,9-Dec,138475
49,9-Dec,73070
6,9-Dec,2119053
1,9-Dec,39371
7,9-Dec,111331
1,9-Dec,16089
2,9-Dec,166938
2,9-Dec,4228
2,9-Dec,87973
2,9-Dec,63485
2,9-Dec,20553
17,9-Dec,231316
65,9-Dec,139396
6,9-Dec,100835
9,9-Dec,164075
3,9-Dec,158701
1,9-Dec,103900
24,9-Dec,127549
4,9-Dec,67468
4,9-Dec,36702
3,9-Dec,107591
1,9-Dec,14256
35,9-Dec,145346
1,9-Dec,33987
5,9-Dec,153285
1,9-Dec,99635
2,9-Dec,1954
1,9-Dec,6013
12,9-Dec,60950
1,9-Dec,3560
5,9-Dec,149053
5,9-Dec,10293
1,9-Dec,77546
5,9-Dec,177800
3,9-Dec,26742
1,9-Dec,33226
40,9-Dec,86837
3,9-Dec,121445
1,9-Dec,161424
14,9-Dec,238704
3,9-Dec,20487
3,9-Dec,45433
6,9-Dec,1569
3,9-Dec,2567
24,9-Dec,216074
1,9-Dec,146270
3,9-Dec,115432
4,9-Dec,956
1,9-Dec,7583
9,9-Dec,104200
3,9-Dec,13813
5,9-Dec,53328
6,9-Dec,127013
1,9-Dec,100478
1,9-Dec,170352
6,9-Dec,31640
4,9-Dec,126998
2,9-Dec,30529
1,9-Dec,54964
2,9-Dec,106244
4,9-Dec,23934
4,9-Dec,43965
3,9-Dec,4828
6,9-Dec,48933
3,9-Dec,781
2,9-Dec,83444
7,9-Dec,155537
1,9-Dec,114996
1,9-Dec,4928
1,9-Dec,177222
1,9-Dec,65714
1,9-Dec,24231
16,9-Dec,126039
6,9-Dec,202083
1,9-Dec,139361
4,9-Dec,100142
1,9-Dec,158502
2,9-Dec,86463
13,9-Dec,135952
1,9-Dec,189804
61,9-Dec,19068
2,9-Dec,283739
1,9-Dec,51428
7,9-Dec,108205
1,9-Dec,8355
15,9-Dec,18747
3,9-Dec,119280
135,9-Dec,61974
2,9-Dec,73297
10,9-Dec,84378
2,9-Dec,49048
1,9-Dec,233
2,9-Dec,41543
1,9-Dec,29347
37,9-Dec,168225
1,9-Dec,1892
2,9-Dec,7370
1,9-Dec,96982
12,9-Dec,155693
55,9-Dec,115145
3,9-Dec,8655
8,9-Dec,43217
3,9-Dec,13531
5,9-Dec,78162
4,9-Dec,30018
33,9-Dec,64960
3,9-Dec,7585
1,9-Dec,21974
1,9-Dec,236743
97,9-Dec,131527
21,9-Dec,210578
6,9-Dec,206720
3,9-Dec,601581
1,9-Dec,13992
2,9-Dec,23616
5,9-Dec,210421
2,9-Dec,104149
4,9-Dec,95710
7,9-Dec,116166
1,9-Dec,41596
7,9-Dec,72312
2,9-Dec,174375
4,9-Dec,162407
2,9-Dec,19165
2,9-Dec,214790
1,9-Dec,64203
1,9-Dec,4977
1,9-Dec,115481
1,9-Dec,158595
5,9-Dec,118959
140,9-Dec,113794
1,9-Dec,25920
62,9-Dec,111335
24,9-Dec,3171
1,9-Dec,171006
1,9-Dec,11995
6,9-Dec,102482
4,9-Dec,22595
7,9-Dec,101811
7,9-Dec,115866
1,9-Dec,165668
1,9-Dec,143476
16,9-Dec,206302
1,9-Dec,19268
3,9-Dec,121646
1,9-Dec,11799
2,9-Dec,36384
5,9-Dec,72631
6,9-Dec,7536
3,9-Dec,143505
6,9-Dec,16782
36,9-Dec,3546
1,9-Dec,21501
2,9-Dec,147356
5,9-Dec,38971
4,9-Dec,87971
16,9-Dec,213136
6,9-Dec,121112
1,9-Dec,133
2,9-Dec,34537
28,9-Dec,174728
1,9-Dec,1220
3,9-Dec,18768
10,9-Dec,66475
5,9-Dec,100020
7,9-Dec,377
2,9-Dec,207752
15,9-Dec,111124
1,9-Dec,1233
146,9-Dec,135152
40,9-Dec,233522
2,9-Dec,59242
1,9-Dec,166740
22,9-Dec,109702
46,9-Dec,65868
5,9-Dec,138071
3,9-Dec,96531
6,9-Dec,235825
2,9-Dec,1693173
1,9-Dec,14131
5,9-Dec,1869
2,9-Dec,3839
4,9-Dec,217076
4,9-Dec,205229
14,9-Dec,19868
5,9-Dec,68587
2,9-Dec,111435
3,9-Dec,183801
2,9-Dec,10098
2,9-Dec,69689
2,9-Dec,85863
2,9-Dec,58737
1,9-Dec,179542
13,9-Dec,95573
4,9-Dec,83741
36,9-Dec,153865
4,9-Dec,121146
1,9-Dec,95
5,9-Dec,19540
5,9-Dec,1942
1,9-Dec,2354
2,9-Dec,185171
7,9-Dec,57457
17,9-Dec,239438
1,9-Dec,204693
1,9-Dec,4257
4,9-Dec,73831
1,9-Dec,76056
3,9-Dec,58508
41,9-Dec,156142
1,9-Dec,19302
2,9-Dec,1338
3,9-Dec,22437
1,9-Dec,30354
3,9-Dec,25688
5,9-Dec,1163802
12,9-Dec,84478
2,9-Dec,69258
53,9-Dec,165297
2,9-Dec,13924
7,9-Dec,12034
7,9-Dec,194982
30,9-Dec,135531
2,9-Dec,124839
12,9-Dec,121531
6,9-Dec,7315
1,9-Dec,767
15,9-Dec,65464
4,9-Dec,8670
6,9-Dec,111988
10,9-Dec,229044
18,9-Dec,99354
4,9-Dec,32090
1,9-Dec,1367
3,9-Dec,22076
75,9-Dec,18936
18,9-Dec,204042
2,9-Dec,226958
11,9-Dec,212275
2,9-Dec,15809
9,9-Dec,80572
8,9-Dec,105672
5,9-Dec,80136
2,9-Dec,235945
3,9-Dec,117587
1,9-Dec,5975
8,9-Dec,211160
59,9-Dec,69083
4,9-Dec,12502
17,9-Dec,24582
1,9-Dec,154770
39,9-Dec,235058
1,9-Dec,11098
3,9-Dec,121309
65,9-Dec,198707
1,9-Dec,13131
4,9-Dec,114400
29,9-Dec,143305
7,9-Dec,14660
171,9-Dec,95810
2,9-Dec,152349
1,9-Dec,107455
2,9-Dec,77507
4,9-Dec,160807
7,9-Dec,94237
2,9-Dec,28053
24,9-Dec,107642
3,9-Dec,83605
20,9-Dec,115730
1,9-Dec,8976
52,9-Dec,126014
17,9-Dec,82187
3,9-Dec,105976
1,9-Dec,32536
20,9-Dec,88558
3,9-Dec,52239
1,9-Dec,85950
3,9-Dec,149392
1,9-Dec,140293
2,9-Dec,18196
1,9-Dec,24197
2,9-Dec,2326914
2,9-Dec,11963
2,9-Dec,202919
2,9-Dec,131057
4,9-Dec,158065
37,9-Dec,104349
20,9-Dec,135786
5,9-Dec,136407
56,9-Dec,226621
1,9-Dec,4639
2,9-Dec,12916
44,9-Dec,126562
1,9-Dec,28278
6,9-Dec,50049
1,9-Dec,72746
8,9-Dec,105570
1,9-Dec,164230
1,9-Dec,6568
7,9-Dec,154306
6,9-Dec,155137
2,9-Dec,62186
2,9-Dec,57601
108,9-Dec,152083
2,9-Dec,54500
12,9-Dec,228191
3,9-Dec,23691
1,9-Dec,99206
11,9-Dec,97627
4,9-Dec,128397
3,9-Dec,137624
15,9-Dec,185722
3,9-Dec,112407
1,9-Dec,122313
2,9-Dec,239819
8,9-Dec,71074
4,9-Dec,49220
5,9-Dec,166258
3,9-Dec,74449
17,9-Dec,133520
2,9-Dec,179855
3,9-Dec,45
5,9-Dec,73488
10,9-Dec,7136
4,9-Dec,117215
10,9-Dec,58391
1,9-Dec,618
1,9-Dec,73820
6,9-Dec,417292
6,9-Dec,30618
2,9-Dec,6364
5,9-Dec,189361
2,9-Dec,78613
25,9-Dec,67566
1,9-Dec,144012
30,9-Dec,98713
3,9-Dec,103043
1,9-Dec,120261
21,9-Dec,13724
9,9-Dec,1431
1,9-Dec,117658
1,9-Dec,44765
3,9-Dec,141502
5,9-Dec,147320
2,9-Dec,17815
1,9-Dec,105536
1,9-Dec,35829
1,9-Dec,56285
1,9-Dec,6083
2,9-Dec,171206
11,9-Dec,174614
1,9-Dec,1249
33,9-Dec,231716
3,9-Dec,784
5,9-Dec,69283
1,9-Dec,22080
22,9-Dec,207716
1,9-Dec,13986
1,9-Dec,12388
5,9-Dec,90025
18,9-Dec,17343
1,9-Dec,445
47,9-Dec,220299
9,9-Dec,8521
2,9-Dec,13188
1,9-Dec,56621
19,9-Dec,23897
2,9-Dec,29125
17,9-Dec,14637
4,9-Dec,52210
14,9-Dec,239168
4,9-Dec,1088
1,9-Dec,28832
12,9-Dec,18804
6,9-Dec,88173
38,9-Dec,225647
4,9-Dec,111888
32,9-Dec,32133
1,9-Dec,144846
7,9-Dec,7034
1,9-Dec,68054
3,9-Dec,12280
10,9-Dec,3571
1,9-Dec,8090
2,9-Dec,15124
1,8-Dec,35478
28,8-Dec,35116
1,8-Dec,49381
1,8-Dec,2342
1,8-Dec,29057
6,8-Dec,10893
9,8-Dec,4092
1,8-Dec,24433
1,8-Dec,1369
10,8-Dec,20
3,8-Dec,449902
1,8-Dec,36429
8,8-Dec,38522
3,8-Dec,41489
61,8-Dec,16143
3,8-Dec,32465
2,8-Dec,38686
10,8-Dec,47773
1,8-Dec,36702
1,8-Dec,39622
1,8-Dec,19468
4,8-Dec,14122
14,8-Dec,582
9,8-Dec,3410
28,8-Dec,21755
1,8-Dec,21776
1,8-Dec,1606
4,8-Dec,20504
3,8-Dec,30529
2,8-Dec,46
21,8-Dec,20840
2,8-Dec,24895
2,8-Dec,6583
1,8-Dec,30579
1,8-Dec,29347
2,8-Dec,13281
4,8-Dec,18866
1,8-Dec,1575281
1,8-Dec,748
8,8-Dec,47961
1,8-Dec,718
2,8-Dec,4977
1,8-Dec,23666
1,8-Dec,25920
1,8-Dec,16794
10,8-Dec,36384
3,8-Dec,21501
9,8-Dec,50356
3,8-Dec,17675
5,8-Dec,31985
10,8-Dec,43029
28,8-Dec,40714
1,8-Dec,2354
1,8-Dec,2954
1,8-Dec,46194
4,8-Dec,30354
2,8-Dec,363
7,8-Dec,14337
4,8-Dec,11702
1,8-Dec,12034
3,8-Dec,30700
2,8-Dec,1367
23,8-Dec,1975282
1,8-Dec,15485
4,8-Dec,16271
4,8-Dec,29900
1,8-Dec,24197
3,8-Dec,11963
1,8-Dec,52175
1,8-Dec,27835
9,8-Dec,9908
25,8-Dec,1200558
8,8-Dec,21038
8,8-Dec,49220
1,8-Dec,7136
1,8-Dec,6486
6,8-Dec,12320
1,8-Dec,30618
7,8-Dec,52490
2,8-Dec,2653
3,8-Dec,8844
3,8-Dec,17815
8,8-Dec,47110
1,8-Dec,12388
8,8-Dec,25418
2,8-Dec,2372835
23,9-Nov,30568
8,9-Nov,83805
5,9-Nov,207838
2,9-Nov,10527
1,9-Nov,118437
3,9-Nov,16800
8,9-Nov,7919
59,9-Nov,1070
1,9-Nov,32958
3,9-Nov,168212
24,9-Nov,95612
13,9-Nov,29057
11,9-Nov,1288
1,9-Nov,75224
28,9-Nov,14149
4,9-Nov,15609
1,9-Nov,74118
24,9-Nov,10893
5,9-Nov,4092
27,9-Nov,50742
1,9-Nov,3205
6,9-Nov,5618
3,9-Nov,4321
9,9-Nov,28875
1,9-Nov,1820
1,9-Nov,24433
30,9-Nov,47161
39,9-Nov,1831
3,9-Nov,75956
6,9-Nov,85170
10,9-Nov,34855
10,9-Nov,108578
1,9-Nov,187986
6,9-Nov,44540
3,9-Nov,82
5,9-Nov,1577190
10,9-Nov,26620
2,9-Nov,9587
3,9-Nov,184773
10,9-Nov,158014
22,9-Nov,202085
1,9-Nov,65060
1,9-Nov,143725
5,9-Nov,214668
6,9-Nov,30447
3,9-Nov,209407
1,9-Nov,41489
2,9-Nov,7890
50,9-Nov,93623
1,9-Nov,19629
2,9-Nov,84278
4,9-Nov,119895
3,9-Nov,57508
1,9-Nov,144491
12,9-Nov,12195
8,9-Nov,38686
2,9-Nov,47773
17,9-Nov,138475
1,9-Nov,169484
89,9-Nov,73070
7,9-Nov,13663
3,9-Nov,39371
1,9-Nov,16089
7,9-Nov,4228
1,9-Nov,87973
1,9-Nov,63485
131,9-Nov,139396
2,9-Nov,9842
8,9-Nov,20938
1,9-Nov,73109
8,9-Nov,100835
10,9-Nov,164075
6,9-Nov,158701
6,9-Nov,98048
18,9-Nov,127549
4,9-Nov,67468
2,9-Nov,36702
9,9-Nov,107591
9,9-Nov,17279
5,9-Nov,14256
33,9-Nov,145346
4,9-Nov,6198
1,9-Nov,144695
4,9-Nov,41021
1,9-Nov,205580
5,9-Nov,1954
3,9-Nov,10387
1,9-Nov,6013
20,9-Nov,60950
2,9-Nov,33
14,9-Nov,36565
3,9-Nov,3560
1,9-Nov,20122
1,9-Nov,6443
1,9-Nov,149053
9,9-Nov,10293
6,9-Nov,77546
9,9-Nov,177800
6,9-Nov,26742
6,9-Nov,33226
55,9-Nov,86837
3,9-Nov,121445
3,9-Nov,161424
1,9-Nov,112871
2,9-Nov,170231
2,9-Nov,119159
4,9-Nov,3241
8,9-Nov,20487
1,9-Nov,2517
18,9-Nov,45433
2,9-Nov,1569
1,9-Nov,2567
4,9-Nov,67132
2,9-Nov,216074
1,9-Nov,2942
6,9-Nov,115432
1,9-Nov,956
4,9-Nov,7583
15,9-Nov,104200
5,9-Nov,13813
6,9-Nov,582
1,9-Nov,33006
2,9-Nov,127013
3,9-Nov,100478
2,9-Nov,31640
4,9-Nov,57036
1,9-Nov,1606
7,9-Nov,55164
3,9-Nov,126998
1,9-Nov,70930
1,9-Nov,54964
6,9-Nov,40307
21,9-Nov,4725
4,9-Nov,106244
11,9-Nov,23934
2,9-Nov,43965
6,9-Nov,4828
1,9-Nov,27305
2,9-Nov,2169
1,9-Nov,83444
4,9-Nov,155537
71,9-Nov,27439
5,9-Nov,114996
7,9-Nov,183013
1,9-Nov,82208
20,9-Nov,101090
1,9-Nov,4928
1,9-Nov,190887
1,9-Nov,24231
57,9-Nov,126039
18,9-Nov,202083
2,9-Nov,139361
11,9-Nov,100142
12,9-Nov,158502
1,9-Nov,86463
9,9-Nov,135952
4,9-Nov,189804
65,9-Nov,19068
4,9-Nov,283739
3,9-Nov,50603
8,9-Nov,51428
3,9-Nov,108205
2,9-Nov,47012
2,9-Nov,151350
1,9-Nov,85952
6,9-Nov,2424
1,9-Nov,8355
31,9-Nov,18747
7,9-Nov,119280
165,9-Nov,61974
1,9-Nov,127947
9,9-Nov,84378
9,9-Nov,49048
10,9-Nov,65843
2,9-Nov,233
8,9-Nov,41543
3,9-Nov,112671
33,9-Nov,168225
2,9-Nov,1892
8,9-Nov,7370
24,9-Nov,155693
47,9-Nov,115145
5,9-Nov,97777
2,9-Nov,8655
4,9-Nov,43217
3,9-Nov,13531
2,9-Nov,78162
1,9-Nov,97688
8,9-Nov,30018
3,9-Nov,108741
12,9-Nov,64960
3,9-Nov,7585
5,9-Nov,86937
16,9-Nov,191837
1,9-Nov,1575281
9,9-Nov,71059
1,9-Nov,22710
152,9-Nov,131527
8,9-Nov,191526
20,9-Nov,210578
7,9-Nov,206720
3,9-Nov,20402
2,9-Nov,601581
2,9-Nov,13992
2,9-Nov,37881
5,9-Nov,62931
4,9-Nov,192510
11,9-Nov,95710
2,9-Nov,94559
1,9-Nov,8026
12,9-Nov,8155
1,9-Nov,47961
6,9-Nov,14971
1,9-Nov,718
1,9-Nov,116166
3,9-Nov,125278
5,9-Nov,41596
16,9-Nov,72312
3,9-Nov,174375
1,9-Nov,99492
2,9-Nov,214790
7,9-Nov,11480
1,9-Nov,64203
4,9-Nov,12601
2,9-Nov,158595
3,9-Nov,13370
8,9-Nov,118959
2,9-Nov,149190
99,9-Nov,113794
57,9-Nov,37213
73,9-Nov,111335
30,9-Nov,3171
1,9-Nov,166476
5,9-Nov,11995
6,9-Nov,22595
6,9-Nov,101811
1,9-Nov,115866
25,9-Nov,206302
22,9-Nov,72631
6,9-Nov,8919
1,9-Nov,9457
4,9-Nov,7536
15,9-Nov,16782
8,9-Nov,65696
31,9-Nov,3546
3,9-Nov,21501
1,9-Nov,147356
1,9-Nov,19990
3,9-Nov,87971
1,9-Nov,213136
1,9-Nov,46223
3,9-Nov,34537
45,9-Nov,174728
1,9-Nov,1220
3,9-Nov,18768
2,9-Nov,66475
4,9-Nov,100020
9,9-Nov,377
7,9-Nov,44853
19,9-Nov,22459
1,9-Nov,207752
21,9-Nov,111124
1,9-Nov,1233
4,9-Nov,125921
30,9-Nov,19679
11,9-Nov,19479
105,9-Nov,135152
2,9-Nov,59242
4,9-Nov,166740
29,9-Nov,109702
27,9-Nov,65868
16,9-Nov,138071
2,9-Nov,197878
1,9-Nov,45725
4,9-Nov,96531
8,9-Nov,1693173
4,9-Nov,14131
2,9-Nov,126214
5,9-Nov,217076
34,9-Nov,205229
3,9-Nov,19868
17,9-Nov,68587
4,9-Nov,111435
7,9-Nov,43029
1,9-Nov,183801
6,9-Nov,10098
5,9-Nov,51760
6,9-Nov,69689
1,9-Nov,41981
1,9-Nov,58737
5,9-Nov,168425
1,9-Nov,40714
1,9-Nov,76456
10,9-Nov,95573
2,9-Nov,88709
2,9-Nov,120410
1,9-Nov,51167
6,9-Nov,83741
11,9-Nov,153865
1,9-Nov,95
4,9-Nov,34942
1,9-Nov,79354
15,9-Nov,19540
6,9-Nov,60580
24,9-Nov,1942
5,9-Nov,2354
13,9-Nov,2385
1,9-Nov,2405
5,9-Nov,185171
1,9-Nov,57457
44,9-Nov,55847
13,9-Nov,204693
25,9-Nov,41360
2,9-Nov,4257
1,9-Nov,73831
5,9-Nov,76056
4,9-Nov,58508
1,9-Nov,45859
31,9-Nov,156142
3,9-Nov,19302
1,9-Nov,1338
10,9-Nov,22437
2,9-Nov,30354
4,9-Nov,25688
2,9-Nov,18296
5,9-Nov,1163802
6,9-Nov,69258
74,9-Nov,165297
12,9-Nov,11702
18,9-Nov,194982
4,9-Nov,16007
7,9-Nov,5077
22,9-Nov,135531
5,9-Nov,124839
8,9-Nov,121531
6,9-Nov,7315
45,9-Nov,33708
5,9-Nov,16582
1,9-Nov,767
3,9-Nov,21126
52,9-Nov,65464
9,9-Nov,8670
7,9-Nov,111988
17,9-Nov,99354
1,9-Nov,22076
8,9-Nov,10593
145,9-Nov,18936
1,9-Nov,172074
1,9-Nov,116522
17,9-Nov,17160
10,9-Nov,80572
5,9-Nov,105672
9,9-Nov,80136
1,9-Nov,117587
1,9-Nov,191794
1,9-Nov,58808
3,9-Nov,5975
2,9-Nov,11527
1,9-Nov,211160
99,9-Nov,69083
22,9-Nov,24582
1,9-Nov,154770
13,9-Nov,21574
2,9-Nov,121309
21,9-Nov,13552
3,9-Nov,146377
3,9-Nov,198707
1,9-Nov,15485
10,9-Nov,13131
20,9-Nov,143305
7,9-Nov,14660
223,9-Nov,95810
2,9-Nov,107455
4,9-Nov,77507
29,9-Nov,160807
31,9-Nov,338
14,9-Nov,28053
16,9-Nov,9787
29,9-Nov,52626
24,9-Nov,107642
55,9-Nov,115730
18,9-Nov,8976
2,9-Nov,35634
4,9-Nov,185022
43,9-Nov,126014
1,9-Nov,11829
17,9-Nov,82187
119,9-Nov,12950
1,9-Nov,62571
1,9-Nov,203657
19,9-Nov,267
13,9-Nov,27020
4,9-Nov,105976
24,9-Nov,88558
2,9-Nov,52239
1,9-Nov,128511
4,9-Nov,25824
2,9-Nov,106762
12,9-Nov,149392
3,9-Nov,18196
1,9-Nov,648
1,9-Nov,2635
5,9-Nov,24197
1,9-Nov,2326914
2,9-Nov,134502
9,9-Nov,202919
2,9-Nov,17832
11,9-Nov,131057
5,9-Nov,158065
3,9-Nov,192705
38,9-Nov,104349
7,9-Nov,135786
7,9-Nov,136407
5,9-Nov,91768
1,9-Nov,145173
2,9-Nov,199700
38,9-Nov,30461
8,9-Nov,184686
1,9-Nov,4639
49,9-Nov,126562
5,9-Nov,28278
7,9-Nov,32136
31,9-Nov,50049
10,9-Nov,105570
1,9-Nov,164230
1,9-Nov,27835
24,9-Nov,12716
95,9-Nov,14860
3,9-Nov,6568
1,9-Nov,9908
11,9-Nov,154306
2,9-Nov,155137
2,9-Nov,57601
60,9-Nov,152083
3,9-Nov,54500
2,9-Nov,23691
1,9-Nov,99206
5,9-Nov,97627
1,9-Nov,115200
32,9-Nov,128397
2,9-Nov,137624
19,9-Nov,185722
13,9-Nov,112407
9,9-Nov,34208
3,9-Nov,19404
5,9-Nov,71074
16,9-Nov,166258
1,9-Nov,74449
1,9-Nov,93540
14,9-Nov,133520
64,9-Nov,45
24,9-Nov,166538
6,9-Nov,73488
17,9-Nov,117215
1,9-Nov,192812
1,9-Nov,618
1,9-Nov,143280
2,9-Nov,128585
9,9-Nov,73820
3,9-Nov,11834
2,9-Nov,417292
1,9-Nov,12320
4,9-Nov,39809
5,9-Nov,30618
1,9-Nov,113124
36,9-Nov,189361
3,9-Nov,78613
117,9-Nov,67566
3,9-Nov,144012
2,9-Nov,2892
17,9-Nov,48684
42,9-Nov,98713
1,9-Nov,103043
1,9-Nov,192210
9,9-Nov,120261
32,9-Nov,13724
10,9-Nov,188268
1,9-Nov,139766
16,9-Nov,1431
1,9-Nov,117658
3,9-Nov,44765
3,9-Nov,147320
2,9-Nov,105536
11,9-Nov,35829
4,9-Nov,56285
4,9-Nov,171206
24,9-Nov,174614
1,9-Nov,1249
5,9-Nov,14467
1,9-Nov,784
3,9-Nov,69283
2,9-Nov,22080
9,9-Nov,207716
4,9-Nov,13986
6,9-Nov,7734
6,9-Nov,90025
1,9-Nov,108044
3,9-Nov,17343
1,9-Nov,15622
9,9-Nov,155201
1,9-Nov,220299
1,9-Nov,8521
37,9-Nov,9021
3,9-Nov,13188
43,9-Nov,23897
9,9-Nov,29125
1,9-Nov,135549
3,9-Nov,1084
43,9-Nov,14637
1,9-Nov,52210
4,9-Nov,1088
5,9-Nov,28832
13,9-Nov,18804
2,9-Nov,88173
14,9-Nov,33051
1,9-Nov,144846
7,9-Nov,7034
3,9-Nov,2372835
1,9-Nov,68054
10,9-Nov,12280
4,9-Nov,3571
1,9-Nov,8090
1,9-Nov,15124
3,8-Nov,35478
31,8-Nov,35116
1,8-Nov,2089740
18,8-Nov,10893
2,8-Nov,4092
1,8-Nov,3205
2,8-Nov,35344
7,8-Nov,36429
2,8-Nov,38522
2,8-Nov,1577190
1,8-Nov,41489
1,8-Nov,32465
15,8-Nov,38686
4,8-Nov,36702
15,8-Nov,33987
6,8-Nov,8376
4,8-Nov,109
11,8-Nov,39622
1,8-Nov,41718
8,8-Nov,6349
3,8-Nov,20487
1,8-Nov,40914
12,8-Nov,19468
3,8-Nov,2942
5,8-Nov,14122
1,8-Nov,582
12,8-Nov,3410
84,8-Nov,33006
50,8-Nov,21755
1,8-Nov,533
3,8-Nov,1606
4,8-Nov,20504
6,8-Nov,30529
1,8-Nov,4928
1,8-Nov,46
4,8-Nov,20840
1,8-Nov,24895
2,8-Nov,20138
3,8-Nov,6583
3,8-Nov,30579
1,8-Nov,38256
1,8-Nov,29347
1,8-Nov,23512
2,8-Nov,7370
1,8-Nov,27678
1,8-Nov,13281
10,8-Nov,18866
1,8-Nov,10778
1,8-Nov,1575281
17,8-Nov,748
5,8-Nov,22710
1,8-Nov,17089
1,8-Nov,23616
3,8-Nov,718
4,8-Nov,13370
1,8-Nov,23666
11,8-Nov,25920
6,8-Nov,16794
2,8-Nov,18093
36,8-Nov,36384
3,8-Nov,21501
1,8-Nov,17675
2,8-Nov,5147
1,8-Nov,31985
1,8-Nov,21640
8,8-Nov,40714
2,8-Nov,2954
1,8-Nov,24109
11,8-Nov,23909
17,8-Nov,30354
2,8-Nov,14337
2,8-Nov,18296
2,8-Nov,13924
1,8-Nov,12034
2,8-Nov,30700
7,8-Nov,16582
3,8-Nov,767
5,8-Nov,1367
3,8-Nov,36191
3,8-Nov,1975282
58,8-Nov,6461
4,8-Nov,15485
1,8-Nov,16271
1,8-Nov,446733
22,8-Nov,29900
3,8-Nov,25824
1,8-Nov,648
1,8-Nov,24197
14,8-Nov,11963
8,8-Nov,148
2,8-Nov,52175
6,8-Nov,5628
2,8-Nov,27835
1,8-Nov,4913
2,8-Nov,13216
2,8-Nov,9908
2,8-Nov,1200558
5,8-Nov,21038
3,8-Nov,6329
3,8-Nov,19404
7,8-Nov,7136
1,8-Nov,6486
2,8-Nov,245
9,8-Nov,12320
1,8-Nov,4926
5,8-Nov,30618
7,8-Nov,52490
3,8-Nov,2892
7,8-Nov,4950
1,8-Nov,29432
3,8-Nov,1284
2,8-Nov,8844
1,8-Nov,9269
5,8-Nov,17815
3,8-Nov,25333
1,8-Nov,17343
4,8-Nov,445
1,8-Nov,8521
1,8-Nov,41200
10,9-Oct,30568
15,9-Oct,83805
5,9-Oct,10527
1,9-Oct,5836
1,9-Oct,16800
14,9-Oct,7919
23,9-Oct,1070
4,9-Oct,83144
28,9-Oct,168212
16,9-Oct,95612
11,9-Oct,1288
2,9-Oct,75224
8,9-Oct,14149
6,9-Oct,15609
7,9-Oct,74118
20,9-Oct,10893
54,9-Oct,50742
7,9-Oct,129655
9,9-Oct,5618
2,9-Oct,68204
3,9-Oct,85514
1,9-Oct,43151
10,9-Oct,4321
3,9-Oct,270
19,9-Oct,28875
1,9-Oct,1820
1,9-Oct,24433
27,9-Oct,47161
75,9-Oct,1831
8,9-Oct,75956
17,9-Oct,85170
23,9-Oct,34855
1,9-Oct,108578
1,9-Oct,57757
1,9-Oct,187986
20,9-Oct,44540
4,9-Oct,178385
4,9-Oct,20
1,9-Oct,449902
6,9-Oct,82
24,9-Oct,26620
2,9-Oct,117104
3,9-Oct,184773
15,9-Oct,158014
2,9-Oct,65060
20,9-Oct,143725
1,9-Oct,41489
3,9-Oct,7890
1,9-Oct,110213
67,9-Oct,93623
4,9-Oct,119895
6,9-Oct,144491
10,9-Oct,12195
3,9-Oct,38686
2,9-Oct,47773
1,9-Oct,101762
55,9-Oct,138475
8,9-Oct,169484
93,9-Oct,73070
1,9-Oct,2119053
16,9-Oct,13663
1,9-Oct,39371
3,9-Oct,16089
3,9-Oct,4228
4,9-Oct,63485
2,9-Oct,20553
102,9-Oct,139396
9,9-Oct,9842
4,9-Oct,20938
4,9-Oct,73109
3,9-Oct,149341
14,9-Oct,164075
3,9-Oct,158701
1,9-Oct,98048
30,9-Oct,127549
1,9-Oct,67468
7,9-Oct,36702
6,9-Oct,107591
18,9-Oct,17279
1,9-Oct,14256
30,9-Oct,145346
3,9-Oct,6198
5,9-Oct,65732
2,9-Oct,153285
1,9-Oct,41021
18,9-Oct,8376
4,9-Oct,1954
4,9-Oct,10387
185,9-Oct,60950
12,9-Oct,36565
19,9-Oct,3560
1,9-Oct,6443
12,9-Oct,149053
11,9-Oct,10293
8,9-Oct,77546
2,9-Oct,177800
4,9-Oct,26742
20,9-Oct,33226
26,9-Oct,86837
9,9-Oct,161424
1,9-Oct,112871
3,9-Oct,119159
4,9-Oct,112222
2,9-Oct,3241
5,9-Oct,41718
12,9-Oct,20487
24,9-Oct,45433
1,9-Oct,1569
5,9-Oct,2567
14,9-Oct,67132
1,9-Oct,162796
2,9-Oct,14122
13,9-Oct,115432
7,9-Oct,956
26,9-Oct,104200
5,9-Oct,13813
1,9-Oct,582
1,9-Oct,3410
1,9-Oct,53328
100,9-Oct,33006
3,9-Oct,127013
2,9-Oct,100478
1,9-Oct,31640
1,9-Oct,94144
3,9-Oct,1554
1,9-Oct,533
2,9-Oct,57036
2,9-Oct,1606
8,9-Oct,55164
6,9-Oct,126998
8,9-Oct,4728
4,9-Oct,17896
1,9-Oct,183120
60,9-Oct,4725
4,9-Oct,106244
9,9-Oct,23934
7,9-Oct,43965
4,9-Oct,22237
2,9-Oct,2169
9,9-Oct,48933
3,9-Oct,781
5,9-Oct,155537
57,9-Oct,27439
2,9-Oct,114996
63,9-Oct,183013
1,9-Oct,82208
10,9-Oct,101090
4,9-Oct,177222
7,9-Oct,24231
48,9-Oct,126039
5,9-Oct,67268
12,9-Oct,100142
1,9-Oct,24895
2,9-Oct,158502
6,9-Oct,86463
35,9-Oct,135952
16,9-Oct,189804
35,9-Oct,19068
2,9-Oct,6583
2,9-Oct,283739
15,9-Oct,51428
1,9-Oct,23309
4,9-Oct,151350
1,9-Oct,30579
13,9-Oct,2424
1,9-Oct,8355
21,9-Oct,18747
85,9-Oct,119280
1,9-Oct,3853
2,9-Oct,73297
4,9-Oct,84378
4,9-Oct,49048
24,9-Oct,65843
2,9-Oct,233
27,9-Oct,41543
26,9-Oct,13263
14,9-Oct,112671
32,9-Oct,168225
1,9-Oct,1892
1,9-Oct,7370
2,9-Oct,96982
29,9-Oct,155693
45,9-Oct,115145
3,9-Oct,97777
9,9-Oct,8655
3,9-Oct,43217
1,9-Oct,95725
5,9-Oct,13531
1,9-Oct,27678
2,9-Oct,78162
1,9-Oct,97688
14,9-Oct,30018
2,9-Oct,108741
20,9-Oct,64960
5,9-Oct,7585
3,9-Oct,21974
10,9-Oct,86937
12,9-Oct,191837
4,9-Oct,71059
59,9-Oct,131527
4,9-Oct,191526
5,9-Oct,49713
5,9-Oct,20402
1,9-Oct,601581
2,9-Oct,23616
1,9-Oct,170333
10,9-Oct,37881
1,9-Oct,62931
2,9-Oct,192510
4,9-Oct,188715
1,9-Oct,95710
2,9-Oct,94559
2,9-Oct,8026
19,9-Oct,8155
8,9-Oct,14971
1,9-Oct,718
5,9-Oct,125278
3,9-Oct,41596
15,9-Oct,72312
5,9-Oct,174375
1,9-Oct,99492
1,9-Oct,11480
2,9-Oct,64203
1,9-Oct,36680
1,9-Oct,115481
18,9-Oct,12601
2,9-Oct,13370
20,9-Oct,118959
162,9-Oct,113794
62,9-Oct,37213
3,9-Oct,25920
79,9-Oct,111335
6,9-Oct,3171
3,9-Oct,171006
4,9-Oct,166476
17,9-Oct,11995
1,9-Oct,16957
2,9-Oct,18811
1,9-Oct,102482
20,9-Oct,22595
7,9-Oct,101811
3,9-Oct,115866
6,9-Oct,67386
2,9-Oct,19268
1,9-Oct,121646
14,9-Oct,72631
23,9-Oct,8919
5,9-Oct,7536
19,9-Oct,3146
25,9-Oct,16782
10,9-Oct,65696
2,9-Oct,3546
3,9-Oct,21501
2,9-Oct,50356
1,9-Oct,38971
1,9-Oct,87971
2,9-Oct,121112
4,9-Oct,34537
118,9-Oct,174728
3,9-Oct,66475
3,9-Oct,100020
4,9-Oct,377
29,9-Oct,22459
47,9-Oct,111124
1,9-Oct,17675
3,9-Oct,125921
36,9-Oct,19679
12,9-Oct,19479
85,9-Oct,135152
5,9-Oct,5147
17,9-Oct,59242
21,9-Oct,166740
21,9-Oct,138071
2,9-Oct,45725
4,9-Oct,96531
18,9-Oct,62642
11,9-Oct,1693173
1,9-Oct,14131
1,9-Oct,1869
2,9-Oct,3839
58,9-Oct,126214
2,9-Oct,166940
83,9-Oct,68587
1,9-Oct,111435
1,9-Oct,192810
1,9-Oct,183801
7,9-Oct,10098
1,9-Oct,2990
8,9-Oct,51760
5,9-Oct,41981
1,9-Oct,58737
7,9-Oct,168425
16,9-Oct,179542
14,9-Oct,40714
1,9-Oct,76456
10,9-Oct,95573
2,9-Oct,120410
6,9-Oct,51167
1,9-Oct,163394
4,9-Oct,83741
1,9-Oct,95
14,9-Oct,34942
18,9-Oct,19540
5,9-Oct,60580
13,9-Oct,184842
57,9-Oct,1942
3,9-Oct,2354
17,9-Oct,2385
2,9-Oct,2405
7,9-Oct,185171
1,9-Oct,57457
49,9-Oct,55847
3,9-Oct,2590
1,9-Oct,24820
7,9-Oct,41360
6,9-Oct,85931
1,9-Oct,4257
5,9-Oct,73831
13,9-Oct,76056
2,9-Oct,58508
30,9-Oct,156142
1,9-Oct,19302
1,9-Oct,1338
1,9-Oct,23909
6,9-Oct,22437
1,9-Oct,30354
8,9-Oct,25688
11,9-Oct,1163802
3,9-Oct,84478
5,9-Oct,69258
123,9-Oct,165297
1,9-Oct,11702
4,9-Oct,13924
3,9-Oct,12034
5,9-Oct,16007
4,9-Oct,5077
1,9-Oct,135531
3,9-Oct,124839
3,9-Oct,121531
3,9-Oct,7315
59,9-Oct,33708
1,9-Oct,51771
8,9-Oct,16582
4,9-Oct,118240
5,9-Oct,21126
18,9-Oct,65464
21,9-Oct,8670
1,9-Oct,111988
5,9-Oct,99354
12,9-Oct,32090
13,9-Oct,10593
148,9-Oct,18936
4,9-Oct,116522
22,9-Oct,17160
1,9-Oct,14673
6,9-Oct,80572
2,9-Oct,105672
11,9-Oct,80136
1,9-Oct,2046992
1,9-Oct,117587
1,9-Oct,191794
40,9-Oct,58808
2,9-Oct,5975
2,9-Oct,11527
131,9-Oct,69083
1,9-Oct,12502
3,9-Oct,11098
8,9-Oct,21574
8,9-Oct,121309
15,9-Oct,13552
10,9-Oct,14924
2,9-Oct,146377
8,9-Oct,13131
4,9-Oct,114400
29,9-Oct,143305
6,9-Oct,14660
256,9-Oct,95810
1,9-Oct,107455
14,9-Oct,77507
11,9-Oct,160807
19,9-Oct,338
3,9-Oct,28053
25,9-Oct,9787
37,9-Oct,52626
7,9-Oct,107642
1,9-Oct,130006
66,9-Oct,115730
4,9-Oct,8976
6,9-Oct,35634
11,9-Oct,185022
48,9-Oct,126014
1,9-Oct,11829
36,9-Oct,82187
132,9-Oct,12950
7,9-Oct,62571
42,9-Oct,267
5,9-Oct,105976
49,9-Oct,88558
3,9-Oct,52239
1,9-Oct,25824
37,9-Oct,149392
14,9-Oct,18196
3,9-Oct,648
1,9-Oct,2635
2,9-Oct,2326914
1,9-Oct,134502
2,9-Oct,17832
16,9-Oct,131057
6,9-Oct,158065
1,9-Oct,192705
59,9-Oct,104349
2,9-Oct,135786
9,9-Oct,136407
2,9-Oct,61663
55,9-Oct,30461
2,9-Oct,191140
2,9-Oct,187730
27,9-Oct,184686
4,9-Oct,4639
2,9-Oct,12916
32,9-Oct,126562
8,9-Oct,28278
10,9-Oct,32136
2,9-Oct,101371
24,9-Oct,50049
5,9-Oct,105570
6,9-Oct,164230
2,9-Oct,27835
7,9-Oct,4913
14,9-Oct,12716
76,9-Oct,14860
11,9-Oct,6568
8,9-Oct,154306
8,9-Oct,155137
1,9-Oct,21038
1,9-Oct,54500
6,9-Oct,23691
1,9-Oct,99206
1,9-Oct,97627
29,9-Oct,128397
1,9-Oct,6329
28,9-Oct,185722
1,9-Oct,112407
5,9-Oct,122313
16,9-Oct,34208
3,9-Oct,19404
1,9-Oct,71074
2,9-Oct,49220
1,9-Oct,21925
1,9-Oct,2239
1,9-Oct,1363
1,9-Oct,166258
1,9-Oct,93540
6,9-Oct,133520
37,9-Oct,45
91,9-Oct,166538
5,9-Oct,73488
22,9-Oct,117215
1,9-Oct,6486
1,9-Oct,192812
1,9-Oct,618
6,9-Oct,143280
4,9-Oct,128585
19,9-Oct,11834
3,9-Oct,417292
1,9-Oct,12320
2,9-Oct,4926
12,9-Oct,39809
11,9-Oct,30618
1,9-Oct,113124
114,9-Oct,189361
6,9-Oct,78613
171,9-Oct,67566
3,9-Oct,144012
24,9-Oct,48684
1,9-Oct,99024
58,9-Oct,98713
64,9-Oct,103043
4,9-Oct,97248
1,9-Oct,192210
6,9-Oct,120261
45,9-Oct,13724
9,9-Oct,188268
10,9-Oct,53162
4,9-Oct,29432
8,9-Oct,1431
1,9-Oct,2653
16,9-Oct,117658
5,9-Oct,44765
1,9-Oct,1284
2,9-Oct,141502
18,9-Oct,147320
2,9-Oct,242241
5,9-Oct,35829
1,9-Oct,56285
2,9-Oct,105019
8,9-Oct,14467
5,9-Oct,784
1,9-Oct,69283
1,9-Oct,119212
4,9-Oct,22080
2,9-Oct,7734
10,9-Oct,90025
1,9-Oct,108044
12,9-Oct,15622
2,9-Oct,155201
7,9-Oct,8521
41,9-Oct,9021
2,9-Oct,13188
2,9-Oct,123269
26,9-Oct,23897
7,9-Oct,29125
1,9-Oct,135549
3,9-Oct,1084
3,9-Oct,14637
2,9-Oct,52210
2,9-Oct,1088
7,9-Oct,28832
9,9-Oct,18804
1,9-Oct,88173
1,9-Oct,32133
16,9-Oct,33051
2,9-Oct,144846
2,9-Oct,52160
4,9-Oct,7034
7,9-Oct,2372835
11,9-Oct,12280
8,9-Oct,3571
3,9-Oct,8090
2,9-Oct,15124
2,8-Oct,5836
5,8-Oct,16800
2,8-Oct,1070
2,8-Oct,3041
9,8-Oct,2342
1,8-Oct,29057
18,8-Oct,14749
28,8-Oct,10893
3,8-Oct,4092
2,8-Oct,21905
2,8-Oct,24433
12,8-Oct,20
1,8-Oct,449902
9,8-Oct,1577190
1,8-Oct,32465
1,8-Oct,21384
3,8-Oct,149341
22,8-Oct,8236
80,8-Oct,3560
11,8-Oct,6349
21,8-Oct,20487
1,8-Oct,2517
24,8-Oct,19468
1,8-Oct,2942
15,8-Oct,14122
4,8-Oct,956
5,8-Oct,3410
9,8-Oct,33006
2,8-Oct,21755
4,8-Oct,21776
8,8-Oct,533
4,8-Oct,1606
17,8-Oct,20504
1,8-Oct,4828
4,8-Oct,46
51,8-Oct,20840
2,8-Oct,24895
3,8-Oct,631
21,8-Oct,6583
3,8-Oct,23309
2,8-Oct,30579
18,8-Oct,3853
1,8-Oct,29347
11,8-Oct,1892
23,8-Oct,23512
2,8-Oct,7370
5,8-Oct,27678
6,8-Oct,13281
17,8-Oct,18866
4,8-Oct,1575281
8,8-Oct,748
3,8-Oct,22710
6,8-Oct,718
5,8-Oct,19165
17,8-Oct,4977
1,8-Oct,13370
1,8-Oct,23666
11,8-Oct,25920
2,8-Oct,16794
6,8-Oct,16957
5,8-Oct,18093
1,8-Oct,9457
4,8-Oct,19990
3,8-Oct,18768
1,8-Oct,17675
17,8-Oct,5147
1,8-Oct,31985
37,8-Oct,21640
3,8-Oct,2990
1,8-Oct,26699
12,8-Oct,2954
4,8-Oct,24820
20,8-Oct,23909
4,8-Oct,11123
4,8-Oct,18722
2,8-Oct,363
4,8-Oct,18296
16,8-Oct,1163802
1,8-Oct,11702
14,8-Oct,13924
5,8-Oct,12034
5,8-Oct,16582
2,8-Oct,767
5,8-Oct,21126
22,8-Oct,1975282
33,8-Oct,4482
40,8-Oct,6461
48,8-Oct,14642
1,8-Oct,15485
7,8-Oct,28053
11,8-Oct,16271
8,8-Oct,32536
2,8-Oct,2841
5,8-Oct,25824
4,8-Oct,648
7,8-Oct,227
11,8-Oct,11963
4,8-Oct,148
53,8-Oct,20789
2,8-Oct,6264
6,8-Oct,5628
2,8-Oct,27835
10,8-Oct,4913
19,8-Oct,13216
1,8-Oct,9908
22,8-Oct,1200558
10,8-Oct,21038
6,8-Oct,6329
61,8-Oct,19404
12,8-Oct,7136
1,8-Oct,6486
1,8-Oct,196874
2,8-Oct,417292
9,8-Oct,12320
16,8-Oct,4926
3,8-Oct,25167
7,8-Oct,30618
1,8-Oct,6364
7,8-Oct,52490
7,8-Oct,4950
9,8-Oct,9269
23,8-Oct,12388
1,8-Oct,17693
3,8-Oct,25333
3,8-Oct,445
11,8-Oct,8521
18,8-Oct,32133
3,8-Oct,12280
12,9-Sep,30568
15,9-Sep,83805
7,9-Sep,10527
1,9-Sep,118437
3,9-Sep,7919
4,9-Sep,1070
55,9-Sep,168212
26,9-Sep,95612
29,9-Sep,1288
10,9-Sep,14149
18,9-Sep,15609
4,9-Sep,74118
48,9-Sep,50742
3,9-Sep,129655
5,9-Sep,3205
4,9-Sep,5618
13,9-Sep,68204
3,9-Sep,43151
5,9-Sep,4321
20,9-Sep,28875
2,9-Sep,1820
2,9-Sep,24433
44,9-Sep,47161
75,9-Sep,1831
27,9-Sep,75956
3,9-Sep,85170
10,9-Sep,34855
6,9-Sep,108578
18,9-Sep,57757
10,9-Sep,44540
13,9-Sep,178385
1,9-Sep,449902
4,9-Sep,6236
1,9-Sep,36429
1,9-Sep,82
15,9-Sep,26620
4,9-Sep,9587
4,9-Sep,117104
4,9-Sep,158014
2,9-Sep,65060
6,9-Sep,143725
3,9-Sep,30447
1,9-Sep,7890
3,9-Sep,110213
55,9-Sep,93623
7,9-Sep,19629
2,9-Sep,135724
1,9-Sep,16143
2,9-Sep,119895
4,9-Sep,144491
18,9-Sep,12195
6,9-Sep,38686
238,9-Sep,138475
11,9-Sep,169484
40,9-Sep,73070
12,9-Sep,2119053
21,9-Sep,13663
1,9-Sep,39371
2,9-Sep,16089
2,9-Sep,4228
3,9-Sep,87973
4,9-Sep,63485
1,9-Sep,20553
4,9-Sep,139396
17,9-Sep,9842
19,9-Sep,20938
6,9-Sep,73109
4,9-Sep,149341
21,9-Sep,100835
1,9-Sep,164075
1,9-Sep,98048
21,9-Sep,127549
1,9-Sep,113643
13,9-Sep,67468
9,9-Sep,107591
10,9-Sep,17279
3,9-Sep,14256
25,9-Sep,145346
1,9-Sep,6198
1,9-Sep,65732
1,9-Sep,144695
7,9-Sep,33987
3,9-Sep,153285
5,9-Sep,41021
1,9-Sep,8376
3,9-Sep,1954
2,9-Sep,10387
1,9-Sep,6013
2,9-Sep,33
15,9-Sep,36565
31,9-Sep,3560
3,9-Sep,6443
44,9-Sep,149053
7,9-Sep,10293
2,9-Sep,77546
12,9-Sep,26742
9,9-Sep,33226
90,9-Sep,86837
4,9-Sep,161424
4,9-Sep,112871
1,9-Sep,113158
1,9-Sep,119159
3,9-Sep,112222
9,9-Sep,124946
3,9-Sep,3241
2,9-Sep,39622
6,9-Sep,41718
3,9-Sep,25282
1,9-Sep,40914
35,9-Sep,45433
3,9-Sep,1569
23,9-Sep,67132
1,9-Sep,2942
17,9-Sep,162796
7,9-Sep,146270
7,9-Sep,14122
32,9-Sep,115432
2,9-Sep,956
9,9-Sep,7583
17,9-Sep,104200
14,9-Sep,13813
5,9-Sep,582
2,9-Sep,53328
95,9-Sep,33006
7,9-Sep,127013
3,9-Sep,100478
1,9-Sep,170352
1,9-Sep,1554
1,9-Sep,157852
1,9-Sep,533
2,9-Sep,57036
3,9-Sep,1606
13,9-Sep,55164
2,9-Sep,126998
10,9-Sep,4728
6,9-Sep,17896
54,9-Sep,4725
9,9-Sep,106244
8,9-Sep,43965
1,9-Sep,22237
5,9-Sep,781
1,9-Sep,83444
2,9-Sep,155537
26,9-Sep,27439
12,9-Sep,114996
6,9-Sep,101090
6,9-Sep,177222
5,9-Sep,65714
3,9-Sep,10673
53,9-Sep,126039
3,9-Sep,67268
5,9-Sep,100142
6,9-Sep,86463
33,9-Sep,135952
48,9-Sep,19068
2,9-Sep,20138
1,9-Sep,6583
10,9-Sep,283739
3,9-Sep,51428
3,9-Sep,47012
3,9-Sep,23309
1,9-Sep,151350
11,9-Sep,2424
9,9-Sep,8355
19,9-Sep,18747
72,9-Sep,119280
10,9-Sep,127947
2,9-Sep,3853
2,9-Sep,73297
4,9-Sep,84378
2,9-Sep,49048
10,9-Sep,65843
3,9-Sep,233
4,9-Sep,41543
36,9-Sep,13263
13,9-Sep,112671
23,9-Sep,168225
1,9-Sep,1892
1,9-Sep,23512
1,9-Sep,96982
26,9-Sep,155693
2,9-Sep,135199
25,9-Sep,115145
2,9-Sep,97777
1,9-Sep,8655
3,9-Sep,43217
1,9-Sep,95725
3,9-Sep,13531
6,9-Sep,78162
1,9-Sep,97688
1,9-Sep,13281
23,9-Sep,30018
3,9-Sep,108741
1,9-Sep,18866
24,9-Sep,64960
5,9-Sep,7585
2,9-Sep,21974
3,9-Sep,86937
6,9-Sep,71059
1,9-Sep,748
6,9-Sep,131527
1,9-Sep,155187
7,9-Sep,49713
3,9-Sep,20402
1,9-Sep,601581
1,9-Sep,37881
1,9-Sep,41782
3,9-Sep,95710
2,9-Sep,94559
1,9-Sep,8026
7,9-Sep,8155
4,9-Sep,14971
5,9-Sep,116166
2,9-Sep,41596
4,9-Sep,72312
2,9-Sep,11480
6,9-Sep,64203
3,9-Sep,36680
2,9-Sep,79061
15,9-Sep,115481
7,9-Sep,12601
21,9-Sep,118959
1,9-Sep,149190
58,9-Sep,37213
74,9-Sep,111335
15,9-Sep,3171
10,9-Sep,171006
1,9-Sep,166476
11,9-Sep,11995
4,9-Sep,18811
2,9-Sep,102482
3,9-Sep,22595
17,9-Sep,101811
2,9-Sep,115866
5,9-Sep,67386
5,9-Sep,143476
10,9-Sep,19268
3,9-Sep,51103
16,9-Sep,72631
14,9-Sep,8919
5,9-Sep,7536
33,9-Sep,3146
20,9-Sep,16782
20,9-Sep,65696
1,9-Sep,3546
1,9-Sep,19990
5,9-Sep,50356
4,9-Sep,38971
2,9-Sep,87971
44,9-Sep,121112
1,9-Sep,133
1,9-Sep,34537
6,9-Sep,174728
2,9-Sep,1220
2,9-Sep,18768
3,9-Sep,66475
7,9-Sep,100020
9,9-Sep,377
23,9-Sep,22459
2,9-Sep,111124
1,9-Sep,76371
1,9-Sep,17675
5,9-Sep,125921
40,9-Sep,19679
14,9-Sep,19479
63,9-Sep,135152
2,9-Sep,5147
36,9-Sep,59242
51,9-Sep,166740
1,9-Sep,31985
4,9-Sep,109302
36,9-Sep,138071
2,9-Sep,45725
5,9-Sep,96531
10,9-Sep,62642
3,9-Sep,1693173
2,9-Sep,14131
3,9-Sep,1869
1,9-Sep,3839
44,9-Sep,126214
3,9-Sep,166940
16,9-Sep,68587
11,9-Sep,10098
7,9-Sep,41981
2,9-Sep,85863
2,9-Sep,58737
15,9-Sep,168425
1,9-Sep,179542
3,9-Sep,40714
2,9-Sep,76456
10,9-Sep,95573
6,9-Sep,51167
2,9-Sep,163394
4,9-Sep,83741
2,9-Sep,34942
20,9-Sep,19540
8,9-Sep,60580
6,9-Sep,1942
1,9-Sep,2354
21,9-Sep,2385
1,9-Sep,2405
33,9-Sep,55847
1,9-Sep,100964
1,9-Sep,2590
1,9-Sep,144746
26,9-Sep,41360
6,9-Sep,85931
2,9-Sep,4257
3,9-Sep,73831
3,9-Sep,76056
1,9-Sep,58508
5,9-Sep,45859
26,9-Sep,156142
1,9-Sep,1338
1,9-Sep,77775
1,9-Sep,23909
7,9-Sep,22437
13,9-Sep,11123
1,9-Sep,30354
9,9-Sep,25688
2,9-Sep,18296
7,9-Sep,1163802
14,9-Sep,84478
1,9-Sep,69258
49,9-Sep,165297
2,9-Sep,13924
8,9-Sep,16007
3,9-Sep,5077
4,9-Sep,135531
1,9-Sep,124839
1,9-Sep,30700
83,9-Sep,33708
3,9-Sep,16582
4,9-Sep,118240
9,9-Sep,21126
5,9-Sep,65464
6,9-Sep,8670
4,9-Sep,99354
3,9-Sep,32090
6,9-Sep,1367
10,9-Sep,10593
185,9-Sep,18936
4,9-Sep,124367
1,9-Sep,169346
1,9-Sep,15809
6,9-Sep,116522
17,9-Sep,17160
2,9-Sep,14673
1,9-Sep,80572
9,9-Sep,80136
2,9-Sep,2046992
2,9-Sep,117587
22,9-Sep,58808
1,9-Sep,5975
1,9-Sep,11527
104,9-Sep,69083
1,9-Sep,131944
4,9-Sep,12502
1,9-Sep,24582
1,9-Sep,2603
6,9-Sep,154770
1,9-Sep,11098
24,9-Sep,21574
10,9-Sep,121309
4,9-Sep,13552
4,9-Sep,14924
1,9-Sep,146377
2,9-Sep,13131
4,9-Sep,114400
46,9-Sep,143305
1,9-Sep,14660
278,9-Sep,95810
2,9-Sep,152349
4,9-Sep,107455
55,9-Sep,77507
14,9-Sep,160807
8,9-Sep,338
1,9-Sep,28053
22,9-Sep,9787
33,9-Sep,52626
51,9-Sep,107642
6,9-Sep,130006
23,9-Sep,83605
47,9-Sep,115730
14,9-Sep,35634
85,9-Sep,126014
3,9-Sep,11829
41,9-Sep,82187
104,9-Sep,12950
1,9-Sep,446733
2,9-Sep,62571
40,9-Sep,267
4,9-Sep,27020
4,9-Sep,105976
33,9-Sep,88558
1,9-Sep,2841
4,9-Sep,52239
2,9-Sep,128511
1,9-Sep,25824
1,9-Sep,106762
88,9-Sep,149392
7,9-Sep,18196
5,9-Sep,2326914
1,9-Sep,134502
3,9-Sep,17832
2,9-Sep,131057
10,9-Sep,158065
45,9-Sep,104349
5,9-Sep,135786
5,9-Sep,136407
2,9-Sep,145173
61,9-Sep,30461
1,9-Sep,52175
4,9-Sep,4639
25,9-Sep,126562
1,9-Sep,28278
1,9-Sep,32136
7,9-Sep,5628
3,9-Sep,50049
14,9-Sep,105570
1,9-Sep,164230
1,9-Sep,27835
1,9-Sep,176985
11,9-Sep,12716
77,9-Sep,14860
1,9-Sep,114200
5,9-Sep,6568
1,9-Sep,1200558
9,9-Sep,154306
18,9-Sep,155137
1,9-Sep,62186
5,9-Sep,57601
4,9-Sep,54500
2,9-Sep,23691
6,9-Sep,99206
5,9-Sep,97627
11,9-Sep,115200
30,9-Sep,128397
26,9-Sep,137624
1,9-Sep,26449
5,9-Sep,112407
2,9-Sep,122313
39,9-Sep,34208
2,9-Sep,85616
2,9-Sep,19404
8,9-Sep,71074
2,9-Sep,49220
2,9-Sep,21925
2,9-Sep,1363
3,9-Sep,166258
2,9-Sep,74449
15,9-Sep,133520
5,9-Sep,45
95,9-Sep,166538
4,9-Sep,73488
9,9-Sep,117215
4,9-Sep,58391
9,9-Sep,143280
9,9-Sep,128585
22,9-Sep,11834
2,9-Sep,417292
1,9-Sep,245
1,9-Sep,25167
6,9-Sep,30618
2,9-Sep,6364
3,9-Sep,113124
2,9-Sep,78613
140,9-Sep,67566
6,9-Sep,48684
111,9-Sep,98713
47,9-Sep,103043
8,9-Sep,120261
13,9-Sep,13724
32,9-Sep,53162
1,9-Sep,29432
1,9-Sep,1431
4,9-Sep,117658
6,9-Sep,44765
8,9-Sep,141502
12,9-Sep,147320
5,9-Sep,53777
1,9-Sep,242241
3,9-Sep,17815
4,9-Sep,35829
1,9-Sep,56285
1,9-Sep,6083
4,9-Sep,171206
2,9-Sep,1249
1,9-Sep,105019
4,9-Sep,14467
21,9-Sep,784
2,9-Sep,69283
1,9-Sep,119212
3,9-Sep,22080
2,9-Sep,13986
6,9-Sep,12388
5,9-Sep,7734
10,9-Sep,90025
8,9-Sep,108044
1,9-Sep,25418
23,9-Sep,15622
14,9-Sep,155201
5,9-Sep,8521
76,9-Sep,9021
1,9-Sep,13188
9,9-Sep,23897
5,9-Sep,29125
4,9-Sep,1084
18,9-Sep,14637
1,9-Sep,1088
8,9-Sep,28832
7,9-Sep,18804
1,9-Sep,88173
1,9-Sep,111888
33,9-Sep,33051
4,9-Sep,144846
4,9-Sep,7034
11,9-Sep,2372835
17,9-Sep,68054
5,9-Sep,3571
1,9-Sep,179669
3,9-Sep,8090
1,9-Sep,54486
5,8-Sep,5836
14,8-Sep,16800
1,8-Sep,17294
8,8-Sep,1070
1,8-Sep,2089740
2,8-Sep,2342
2,8-Sep,14149
13,8-Sep,14749
14,8-Sep,10893
3,8-Sep,4092
1,8-Sep,19851
7,8-Sep,3205
8,8-Sep,5168
10,8-Sep,1577190
3,8-Sep,9587
2,8-Sep,7890
3,8-Sep,4682
1,8-Sep,18167
33,8-Sep,8236
16,8-Sep,17875
1,8-Sep,14256
2,8-Sep,33
128,8-Sep,3560
2,8-Sep,109
31,8-Sep,6349
5,8-Sep,20487
19,8-Sep,5113
3,8-Sep,19468
4,8-Sep,146270
13,8-Sep,14122
9,8-Sep,956
3,8-Sep,582
6,8-Sep,21755
45,8-Sep,1554
2,8-Sep,21776
42,8-Sep,533
3,8-Sep,1606
15,8-Sep,20504
1,8-Sep,4728
2,8-Sep,4828
1,8-Sep,4928
12,8-Sep,46
19,8-Sep,20840
7,8-Sep,631
12,8-Sep,20138
12,8-Sep,6583
5,8-Sep,23309
29,8-Sep,3853
3,8-Sep,1892
11,8-Sep,23512
3,8-Sep,8655
13,8-Sep,13281
10,8-Sep,18866
36,8-Sep,10778
2,8-Sep,1575281
7,8-Sep,748
1,8-Sep,17089
2,8-Sep,13992
30,8-Sep,718
3,8-Sep,19165
52,8-Sep,4977
1,8-Sep,16794
1,8-Sep,18811
3,8-Sep,18093
4,8-Sep,19268
13,8-Sep,11799
7,8-Sep,9457
1,8-Sep,16782
11,8-Sep,3546
69,8-Sep,19990
3,8-Sep,133
48,8-Sep,1220
1,8-Sep,18768
10,8-Sep,1233
1,8-Sep,17675
25,8-Sep,5147
15,8-Sep,21640
3,8-Sep,2069
39,8-Sep,3839
3,8-Sep,2990
1,8-Sep,95
4,8-Sep,2354
19,8-Sep,2954
3,8-Sep,19302
2,8-Sep,11123
5,8-Sep,18722
4,8-Sep,14337
12,8-Sep,18296
3,8-Sep,18515
6,8-Sep,1163802
25,8-Sep,11702
20,8-Sep,12034
15,8-Sep,16582
1,8-Sep,767
12,8-Sep,21126
5,8-Sep,1367
36,8-Sep,15809
15,8-Sep,1975282
96,8-Sep,4482
4,8-Sep,5975
8,8-Sep,6461
34,8-Sep,12502
29,8-Sep,2603
86,8-Sep,14642
2,8-Sep,16271
11,8-Sep,8976
2,8-Sep,11829
1,8-Sep,2841
1,8-Sep,402
5,8-Sep,648
11,8-Sep,227
10,8-Sep,2635
9,8-Sep,11963
20,8-Sep,148
25,8-Sep,20789
2,8-Sep,12916
10,8-Sep,6264
36,8-Sep,5628
41,8-Sep,4913
1,8-Sep,13216
2,8-Sep,9908
19,8-Sep,21038
8,8-Sep,6329
5,8-Sep,19404
2,8-Sep,2239
13,8-Sep,7136
3,8-Sep,618
11,8-Sep,245
9,8-Sep,12320
75,8-Sep,4926
2,8-Sep,6364
5,8-Sep,2892
5,8-Sep,4950
11,8-Sep,2653
3,8-Sep,1284
8,8-Sep,8844
12,8-Sep,9269
8,8-Sep,2628
7,8-Sep,1249
15,8-Sep,22080
6,8-Sep,13986
6,8-Sep,12388
1,8-Sep,17693
1,8-Sep,17343
14,8-Sep,8521
10,8-Sep,12280
3,9-Aug,83805
2,9-Aug,10527
1,9-Aug,5836
1,9-Aug,16800
1,9-Aug,49381
1,9-Aug,32958
6,9-Aug,95612
7,9-Aug,29057
1,9-Aug,75224
14,9-Aug,14149
1,9-Aug,14749
1,9-Aug,74118
15,9-Aug,129655
2,9-Aug,3205
2,9-Aug,5618
8,9-Aug,68204
2,9-Aug,85514
1,9-Aug,270
2,9-Aug,1820
1,9-Aug,24433
4,9-Aug,75956
7,9-Aug,85170
6,9-Aug,108578
26,9-Aug,57757
5,9-Aug,6236
1,9-Aug,107744
1,9-Aug,38522
5,9-Aug,117104
8,9-Aug,158014
1,9-Aug,65060
2,9-Aug,30447
10,9-Aug,110213
9,9-Aug,19629
13,9-Aug,135724
1,9-Aug,119895
51,9-Aug,144491
195,9-Aug,138475
28,9-Aug,73070
1,9-Aug,2119053
18,9-Aug,144997
1,9-Aug,39371
4,9-Aug,16089
10,9-Aug,87973
3,9-Aug,63485
13,9-Aug,139396
5,9-Aug,149341
11,9-Aug,100835
6,9-Aug,160671
15,9-Aug,127549
11,9-Aug,52589
6,9-Aug,113643
4,9-Aug,107591
29,9-Aug,17875
10,9-Aug,14256
8,9-Aug,145346
3,9-Aug,6198
3,9-Aug,65732
1,9-Aug,33987
3,9-Aug,153285
1,9-Aug,99635
4,9-Aug,1954
2,9-Aug,33
58,9-Aug,3560
2,9-Aug,20122
7,9-Aug,6443
84,9-Aug,149053
2,9-Aug,26742
1,9-Aug,161424
1,9-Aug,39622
6,9-Aug,41718
1,9-Aug,25282
2,9-Aug,20487
4,9-Aug,40914
16,9-Aug,2567
3,9-Aug,66445
1,9-Aug,162796
3,9-Aug,115432
3,9-Aug,7583
36,9-Aug,104200
1,9-Aug,582
1,9-Aug,3410
1,9-Aug,53328
136,9-Aug,33006
8,9-Aug,127013
3,9-Aug,100478
2,9-Aug,31640
4,9-Aug,1554
25,9-Aug,157852
9,9-Aug,54964
12,9-Aug,4728
2,9-Aug,40307
3,9-Aug,22237
1,9-Aug,48933
4,9-Aug,781
1,9-Aug,83444
2,9-Aug,155537
11,9-Aug,114996
9,9-Aug,82208
6,9-Aug,101090
1,9-Aug,51717
5,9-Aug,65714
4,9-Aug,10673
2,9-Aug,24231
4,9-Aug,126039
1,9-Aug,67268
6,9-Aug,100142
2,9-Aug,24895
1,9-Aug,158502
1,9-Aug,86463
4,9-Aug,135952
54,9-Aug,19068
2,9-Aug,20138
1,9-Aug,6583
7,9-Aug,47012
2,9-Aug,151350
5,9-Aug,8355
5,9-Aug,119280
5,9-Aug,127947
1,9-Aug,84378
2,9-Aug,49048
11,9-Aug,41543
16,9-Aug,13263
25,9-Aug,112671
2,9-Aug,1892
1,9-Aug,23512
1,9-Aug,156427
4,9-Aug,155693
14,9-Aug,8655
5,9-Aug,43217
2,9-Aug,95725
6,9-Aug,78162
1,9-Aug,97688
5,9-Aug,108741
2,9-Aug,64960
17,9-Aug,86937
1,9-Aug,94169
25,9-Aug,131527
23,9-Aug,49713
1,9-Aug,62931
1,9-Aug,41782
2,9-Aug,95710
2,9-Aug,94559
2,9-Aug,8026
7,9-Aug,116166
4,9-Aug,125278
3,9-Aug,99492
6,9-Aug,64203
23,9-Aug,79061
15,9-Aug,115481
50,9-Aug,158595
47,9-Aug,118959
18,9-Aug,149190
1,9-Aug,25920
89,9-Aug,111335
10,9-Aug,18811
3,9-Aug,102482
13,9-Aug,101811
22,9-Aug,115866
2,9-Aug,165668
1,9-Aug,67386
1,9-Aug,143476
18,9-Aug,8919
5,9-Aug,143505
47,9-Aug,3146
17,9-Aug,16782
1,9-Aug,21501
15,9-Aug,1748769
2,9-Aug,38971
6,9-Aug,87971
1,9-Aug,121112
1,9-Aug,133
3,9-Aug,34537
1,9-Aug,1220
7,9-Aug,18768
3,9-Aug,66475
5,9-Aug,44853
5,9-Aug,22459
7,9-Aug,111124
1,9-Aug,76371
2,9-Aug,17675
1,9-Aug,125921
34,9-Aug,135152
7,9-Aug,109302
61,9-Aug,138071
3,9-Aug,96531
5,9-Aug,62642
8,9-Aug,14131
3,9-Aug,3839
20,9-Aug,126214
15,9-Aug,68587
3,9-Aug,43029
1,9-Aug,51760
3,9-Aug,48382
7,9-Aug,85863
5,9-Aug,58737
1,9-Aug,76456
20,9-Aug,95573
1,9-Aug,88709
4,9-Aug,51167
1,9-Aug,163394
4,9-Aug,2354
1,9-Aug,100964
2,9-Aug,2590
17,9-Aug,85931
3,9-Aug,76056
1,9-Aug,58508
5,9-Aug,45859
39,9-Aug,156142
4,9-Aug,1338
40,9-Aug,350106
1,9-Aug,23909
6,9-Aug,11123
19,9-Aug,25688
2,9-Aug,18515
10,9-Aug,84478
6,9-Aug,69258
1,9-Aug,165297
9,9-Aug,11702
1,9-Aug,12034
10,9-Aug,135531
3,9-Aug,124839
18,9-Aug,7315
1,9-Aug,51771
8,9-Aug,118240
1,9-Aug,767
13,9-Aug,21126
3,9-Aug,99354
10,9-Aug,32090
15,9-Aug,149503
1,9-Aug,22076
46,9-Aug,18936
4,9-Aug,124367
4,9-Aug,15809
2,9-Aug,116522
3,9-Aug,14673
10,9-Aug,80572
2,9-Aug,117587
28,9-Aug,58808
43,9-Aug,117638
2,9-Aug,11527
2,9-Aug,131944
3,9-Aug,12502
1,9-Aug,2603
19,9-Aug,154770
3,9-Aug,11098
1,9-Aug,121309
3,9-Aug,146377
1,9-Aug,13131
1,9-Aug,65694
6,9-Aug,114400
46,9-Aug,143305
1,9-Aug,152349
2,9-Aug,107455
30,9-Aug,77507
4,9-Aug,160807
3,9-Aug,28053
2,9-Aug,107642
11,9-Aug,83605
24,9-Aug,115730
4,9-Aug,8976
38,9-Aug,126014
48,9-Aug,82187
3,9-Aug,446733
3,9-Aug,62571
1,9-Aug,29900
1,9-Aug,2841
9,9-Aug,52239
3,9-Aug,106762
83,9-Aug,149392
1,9-Aug,227
8,9-Aug,2326914
1,9-Aug,134502
5,9-Aug,131057
3,9-Aug,158065
32,9-Aug,104349
8,9-Aug,87399
19,9-Aug,135786
7,9-Aug,136407
3,9-Aug,91768
13,9-Aug,126562
1,9-Aug,28278
1,9-Aug,101371
1,9-Aug,5628
1,9-Aug,114200
3,9-Aug,155137
2,9-Aug,21038
1,9-Aug,54500
5,9-Aug,99206
23,9-Aug,115200
14,9-Aug,128397
34,9-Aug,137624
18,9-Aug,112407
2,9-Aug,19404
7,9-Aug,1363
21,9-Aug,133520
1,9-Aug,130121
5,9-Aug,73488
6,9-Aug,117215
3,9-Aug,58391
13,9-Aug,143280
8,9-Aug,128585
3,9-Aug,73820
11,9-Aug,417292
3,9-Aug,4926
2,9-Aug,78613
51,9-Aug,67566
1,9-Aug,2892
119,9-Aug,98713
25,9-Aug,103043
1,9-Aug,120261
10,9-Aug,53162
2,9-Aug,29432
3,9-Aug,139766
3,9-Aug,1431
5,9-Aug,117658
1,9-Aug,1284
8,9-Aug,141502
7,9-Aug,147320
12,9-Aug,53777
1,9-Aug,242241
10,9-Aug,105536
11,9-Aug,35829
1,9-Aug,6083
4,9-Aug,119212
7,9-Aug,22080
3,9-Aug,12388
6,9-Aug,90025
10,9-Aug,108044
37,9-Aug,155201
4,9-Aug,445
9,9-Aug,23897
1,9-Aug,29125
14,9-Aug,135549
3,9-Aug,52210
5,9-Aug,1088
2,9-Aug,32133
7,9-Aug,144846
1,9-Aug,52160
23,9-Aug,2372835
3,9-Aug,68054
1,9-Aug,42475
1,9-Aug,15124
4,8-Aug,3041
16,8-Aug,2089740
1,8-Aug,2342
5,8-Aug,20
2,8-Aug,26
1,8-Aug,1600
8,8-Aug,17
6,8-Aug,1954
4,8-Aug,109
16,8-Aug,46
7,8-Aug,631
33,8-Aug,718
2,8-Aug,3546
1,8-Aug,133
1,8-Aug,987
2,8-Aug,2069
2,8-Aug,2990
7,8-Aug,95
2,8-Aug,2354
14,8-Aug,2954
5,8-Aug,363
2,8-Aug,2025
80,8-Aug,1975282
6,8-Aug,51
8,8-Aug,2841
8,8-Aug,402
31,8-Aug,227
2,8-Aug,60
3,8-Aug,618
7,8-Aug,245
2,8-Aug,2628
4,8-Aug,445
12,9-Jul,30568
5,9-Jul,83805
5,9-Jul,10527
3,9-Jul,118437
3,9-Jul,16800
1,9-Jul,7919
1,9-Jul,65845
3,9-Jul,32958
4,9-Jul,95612
9,9-Jul,29057
16,9-Jul,1288
17,9-Jul,14149
1,9-Jul,14749
1,9-Jul,15609
4,9-Jul,74118
53,9-Jul,50742
7,9-Jul,3205
14,9-Jul,68204
1,9-Jul,85514
5,9-Jul,4321
6,9-Jul,270
1,9-Jul,35344
4,9-Jul,28875
2,9-Jul,1820
1,9-Jul,24433
4,9-Jul,47161
50,9-Jul,1831
34,9-Jul,85170
1,9-Jul,34855
6,9-Jul,108578
15,9-Jul,57757
6,9-Jul,44540
3,9-Jul,20
3,9-Jul,449902
1,9-Jul,6236
9,9-Jul,82
1,9-Jul,38522
2,9-Jul,1577190
3,9-Jul,26620
21,9-Jul,65060
1,9-Jul,30447
2,9-Jul,41489
3,9-Jul,7890
1,9-Jul,110213
113,9-Jul,93623
7,9-Jul,19629
1,9-Jul,16143
5,9-Jul,119895
1,9-Jul,133514
2,9-Jul,144491
4,9-Jul,12195
1,9-Jul,38686
26,9-Jul,47773
121,9-Jul,138475
49,9-Jul,73070
11,9-Jul,2119053
6,9-Jul,13663
1,9-Jul,39371
5,9-Jul,16089
3,9-Jul,4228
1,9-Jul,87973
1,9-Jul,63485
2,9-Jul,20553
12,9-Jul,139396
1,9-Jul,9842
14,9-Jul,20938
1,9-Jul,127198
16,9-Jul,100835
2,9-Jul,98048
24,9-Jul,127549
12,9-Jul,52589
12,9-Jul,67468
3,9-Jul,107591
19,9-Jul,17279
7,9-Jul,145346
2,9-Jul,6198
1,9-Jul,65732
6,9-Jul,33987
3,9-Jul,41021
4,9-Jul,99635
3,9-Jul,1954
13,9-Jul,10387
1,9-Jul,6013
11,9-Jul,36565
4,9-Jul,20122
6,9-Jul,6443
19,9-Jul,10293
6,9-Jul,77546
14,9-Jul,26742
20,9-Jul,33226
39,9-Jul,86837
1,9-Jul,121445
1,9-Jul,3241
2,9-Jul,41718
5,9-Jul,25282
10,9-Jul,20487
1,9-Jul,40914
12,9-Jul,45433
6,9-Jul,1569
25,9-Jul,2567
20,9-Jul,67132
1,9-Jul,66445
1,9-Jul,2942
7,9-Jul,146270
13,9-Jul,115432
1,9-Jul,7583
27,9-Jul,104200
2,9-Jul,13813
5,9-Jul,582
84,9-Jul,33006
11,9-Jul,100478
6,9-Jul,1554
1,9-Jul,533
1,9-Jul,72882
13,9-Jul,55164
6,9-Jul,126998
11,9-Jul,70930
17,9-Jul,54964
1,9-Jul,4728
50,9-Jul,4725
1,9-Jul,106244
7,9-Jul,43965
4,9-Jul,2169
1,9-Jul,48933
2,9-Jul,781
4,9-Jul,27439
2,9-Jul,114996
3,9-Jul,82208
9,9-Jul,101090
13,9-Jul,51717
2,9-Jul,65714
1,9-Jul,67268
10,9-Jul,100142
6,9-Jul,24895
6,9-Jul,86463
1,9-Jul,631
38,9-Jul,135952
78,9-Jul,19068
6,9-Jul,283739
11,9-Jul,51428
1,9-Jul,47012
2,9-Jul,23309
1,9-Jul,85952
1,9-Jul,30579
33,9-Jul,2424
16,9-Jul,18747
4,9-Jul,119280
11,9-Jul,127947
2,9-Jul,3853
1,9-Jul,84378
3,9-Jul,49048
1,9-Jul,65843
4,9-Jul,233
2,9-Jul,41543
43,9-Jul,112671
2,9-Jul,23512
5,9-Jul,7370
1,9-Jul,96982
30,9-Jul,115145
7,9-Jul,8655
3,9-Jul,43217
3,9-Jul,95725
17,9-Jul,13531
4,9-Jul,78162
2,9-Jul,97688
13,9-Jul,30018
9,9-Jul,64960
3,9-Jul,21974
24,9-Jul,71059
94,9-Jul,131527
65,9-Jul,49713
3,9-Jul,37881
2,9-Jul,62931
1,9-Jul,104149
1,9-Jul,95710
1,9-Jul,94559
5,9-Jul,8026
16,9-Jul,8155
1,9-Jul,14971
5,9-Jul,116166
10,9-Jul,125278
1,9-Jul,41596
1,9-Jul,19165
13,9-Jul,99492
8,9-Jul,11480
4,9-Jul,49849
10,9-Jul,64203
1,9-Jul,36680
20,9-Jul,115481
12,9-Jul,12601
1,9-Jul,13370
50,9-Jul,118959
1,9-Jul,113794
79,9-Jul,37213
196,9-Jul,111335
7,9-Jul,3171
15,9-Jul,11995
2,9-Jul,18811
2,9-Jul,102482
4,9-Jul,22595
24,9-Jul,101811
39,9-Jul,115866
4,9-Jul,67386
3,9-Jul,143476
1,9-Jul,121646
12,9-Jul,51103
1,9-Jul,11799
22,9-Jul,72631
26,9-Jul,8919
24,9-Jul,7536
1,9-Jul,143505
19,9-Jul,3146
20,9-Jul,16782
53,9-Jul,65696
8,9-Jul,3546
2,9-Jul,21501
24,9-Jul,1748769
2,9-Jul,19990
4,9-Jul,50356
4,9-Jul,87971
1,9-Jul,121112
3,9-Jul,34537
2,9-Jul,1220
7,9-Jul,18768
1,9-Jul,100020
23,9-Jul,44853
2,9-Jul,22459
11,9-Jul,111124
10,9-Jul,1233
31,9-Jul,19679
18,9-Jul,19479
27,9-Jul,135152
1,9-Jul,5147
26,9-Jul,59242
7,9-Jul,96531
2,9-Jul,62642
9,9-Jul,14131
1,9-Jul,1869
58,9-Jul,126214
3,9-Jul,19868
74,9-Jul,68587
6,9-Jul,10098
1,9-Jul,51760
19,9-Jul,41981
2,9-Jul,85863
1,9-Jul,58737
16,9-Jul,76456
26,9-Jul,95573
5,9-Jul,120410
1,9-Jul,51167
6,9-Jul,34942
18,9-Jul,19540
2,9-Jul,60580
30,9-Jul,1942
15,9-Jul,2385
10,9-Jul,2405
1,9-Jul,57457
25,9-Jul,55847
5,9-Jul,100964
3,9-Jul,2590
22,9-Jul,41360
5,9-Jul,4257
4,9-Jul,73831
9,9-Jul,76056
4,9-Jul,19302
1,9-Jul,46194
2,9-Jul,1338
1,9-Jul,77775
22,9-Jul,350106
2,9-Jul,23909
9,9-Jul,22437
2,9-Jul,25688
3,9-Jul,84478
4,9-Jul,69258
2,9-Jul,13924
6,9-Jul,16007
2,9-Jul,5077
66,9-Jul,135531
1,9-Jul,124839
3,9-Jul,7315
133,9-Jul,33708
1,9-Jul,51771
4,9-Jul,16582
2,9-Jul,118240
9,9-Jul,21126
7,9-Jul,65464
10,9-Jul,8670
22,9-Jul,99354
10,9-Jul,32090
1,9-Jul,22076
14,9-Jul,10593
7,9-Jul,124367
2,9-Jul,137794
1,9-Jul,36191
1,9-Jul,15809
4,9-Jul,17160
4,9-Jul,14673
32,9-Jul,80572
1,9-Jul,1975282
2,9-Jul,105672
39,9-Jul,58808
41,9-Jul,117638
1,9-Jul,5975
4,9-Jul,11527
81,9-Jul,69083
3,9-Jul,131944
2,9-Jul,6461
1,9-Jul,111337
4,9-Jul,12502
3,9-Jul,24582
6,9-Jul,2603
1,9-Jul,11098
10,9-Jul,21574
3,9-Jul,121309
17,9-Jul,13552
2,9-Jul,116472
4,9-Jul,14924
5,9-Jul,13131
5,9-Jul,114400
24,9-Jul,143305
2,9-Jul,14660
241,9-Jul,95810
1,9-Jul,107455
33,9-Jul,77507
5,9-Jul,338
67,9-Jul,28053
27,9-Jul,9787
16,9-Jul,52626
1,9-Jul,107642
43,9-Jul,115730
9,9-Jul,8976
7,9-Jul,35634
19,9-Jul,126014
4,9-Jul,11829
18,9-Jul,82187
126,9-Jul,12950
7,9-Jul,62571
34,9-Jul,267
3,9-Jul,27020
19,9-Jul,88558
1,9-Jul,128511
12,9-Jul,106762
18,9-Jul,140293
23,9-Jul,18196
4,9-Jul,648
1,9-Jul,2635
7,9-Jul,2326914
1,9-Jul,11963
16,9-Jul,17832
4,9-Jul,131057
44,9-Jul,104349
7,9-Jul,87399
7,9-Jul,135786
5,9-Jul,136407
41,9-Jul,30461
2,9-Jul,4639
25,9-Jul,126562
1,9-Jul,6264
4,9-Jul,28278
2,9-Jul,32136
6,9-Jul,101371
14,9-Jul,5628
2,9-Jul,50049
6,9-Jul,105570
1,9-Jul,27835
51,9-Jul,12716
68,9-Jul,14860
7,9-Jul,6568
13,9-Jul,117117
1,9-Jul,1200558
2,9-Jul,57601
3,9-Jul,21038
3,9-Jul,54500
2,9-Jul,23691
9,9-Jul,99206
1,9-Jul,128397
33,9-Jul,137624
9,9-Jul,112407
1,9-Jul,122313
12,9-Jul,34208
5,9-Jul,19404
1,9-Jul,71074
4,9-Jul,21925
1,9-Jul,1363
1,9-Jul,74449
15,9-Jul,133520
1,9-Jul,130121
7,9-Jul,45
13,9-Jul,73488
6,9-Jul,117215
13,9-Jul,58391
1,9-Jul,618
2,9-Jul,41071
3,9-Jul,143280
26,9-Jul,128585
5,9-Jul,73820
5,9-Jul,11834
5,9-Jul,417292
1,9-Jul,245
7,9-Jul,78613
10,9-Jul,67566
47,9-Jul,48684
53,9-Jul,98713
68,9-Jul,103043
3,9-Jul,120261
13,9-Jul,13724
3,9-Jul,4950
10,9-Jul,53162
2,9-Jul,29432
5,9-Jul,139766
14,9-Jul,117658
33,9-Jul,44765
4,9-Jul,1284
4,9-Jul,141502
1,9-Jul,147320
1,9-Jul,242241
2,9-Jul,17815
16,9-Jul,105536
10,9-Jul,35829
2,9-Jul,56285
2,9-Jul,6083
6,9-Jul,1249
3,9-Jul,784
7,9-Jul,69283
16,9-Jul,119212
13,9-Jul,22080
2,9-Jul,13986
3,9-Jul,12388
2,9-Jul,7734
14,9-Jul,90025
4,9-Jul,108044
11,9-Jul,15622
8,9-Jul,445
1,9-Jul,9021
1,9-Jul,13188
13,9-Jul,123269
14,9-Jul,23897
1,9-Jul,117068
4,9-Jul,29125
19,9-Jul,135549
7,9-Jul,1084
9,9-Jul,14637
6,9-Jul,28832
7,9-Jul,18804
1,9-Jul,88173
1,9-Jul,111888
16,9-Jul,33051
2,9-Jul,144846
1,9-Jul,7034
13,9-Jul,2372835
14,9-Jul,68054
15,9-Jul,3571
4,9-Jul,42475
2,9-Jul,8090
1,9-Jul,15124
1,9-Jul,54486
1,9-Jun,35116
23,9-Jun,30568
5,9-Jun,83805
6,9-Jun,10527
2,9-Jun,5836
16,9-Jun,118437
1,9-Jun,1070
1,9-Jun,65845
2,9-Jun,32958
38,9-Jun,1288
1,9-Jun,75224
10,9-Jun,74118
1,9-Jun,4092
30,9-Jun,50742
8,9-Jun,3205
2,9-Jun,5618
22,9-Jun,68204
4,9-Jun,85514
1,9-Jun,43151
1,9-Jun,4321
1,9-Jun,21905
10,9-Jun,270
12,9-Jun,28875
3,9-Jun,1820
9,9-Jun,47161
11,9-Jun,1831
35,9-Jun,85170
1,9-Jun,34855
6,9-Jun,108578
20,9-Jun,57757
9,9-Jun,44540
3,9-Jun,20
1,9-Jun,6236
9,9-Jun,107744
4,9-Jun,5168
6,9-Jun,82
1,9-Jun,117104
12,9-Jun,65060
1,9-Jun,30447
2,9-Jun,41489
1,9-Jun,110213
104,9-Jun,93623
2,9-Jun,19629
38,9-Jun,119895
1,9-Jun,100190
2,9-Jun,38686
157,9-Jun,47773
61,9-Jun,73070
37,9-Jun,2119053
10,9-Jun,13663
3,9-Jun,4228
7,9-Jun,87973
3,9-Jun,63485
4,9-Jun,20553
12,9-Jun,9842
12,9-Jun,20938
1,9-Jun,127198
48,9-Jun,100835
10,9-Jun,103900
3,9-Jun,98048
14,9-Jun,127549
2,9-Jun,113643
5,9-Jun,67468
11,9-Jun,107591
17,9-Jun,82294
2,9-Jun,17875
6,9-Jun,17279
1,9-Jun,6198
3,9-Jun,33987
2,9-Jun,41021
2,9-Jun,122718
20,9-Jun,1954
12,9-Jun,10387
2,9-Jun,6013
14,9-Jun,36565
4,9-Jun,3560
3,9-Jun,20122
1,9-Jun,6443
1,9-Jun,10293
1,9-Jun,77546
16,9-Jun,33226
6,9-Jun,86837
5,9-Jun,121445
1,9-Jun,124946
3,9-Jun,3241
1,9-Jun,39622
2,9-Jun,25282
2,9-Jun,45433
4,9-Jun,1569
2,9-Jun,54929
7,9-Jun,2567
34,9-Jun,67132
5,9-Jun,66445
1,9-Jun,2942
55,9-Jun,115432
2,9-Jun,7583
25,9-Jun,104200
17,9-Jun,13813
7,9-Jun,33006
1,9-Jun,127013
1,9-Jun,21755
6,9-Jun,100478
4,9-Jun,31640
3,9-Jun,1554
1,9-Jun,533
7,9-Jun,57036
7,9-Jun,55164
3,9-Jun,126998
1,9-Jun,54964
4,9-Jun,4728
17,9-Jun,40307
1,9-Jun,17896
58,9-Jun,4725
4,9-Jun,23934
8,9-Jun,43965
3,9-Jun,22237
4,9-Jun,2169
3,9-Jun,48933
8,9-Jun,781
19,9-Jun,27439
7,9-Jun,114996
1,9-Jun,82208
5,9-Jun,101090
3,9-Jun,51717
1,9-Jun,4928
13,9-Jun,65714
4,9-Jun,24231
4,9-Jun,67268
20,9-Jun,100142
2,9-Jun,24895
4,9-Jun,86463
1,9-Jun,631
67,9-Jun,19068
12,9-Jun,283739
6,9-Jun,51428
2,9-Jun,47012
2,9-Jun,30579
28,9-Jun,2424
5,9-Jun,18747
9,9-Jun,119280
1,9-Jun,127947
1,9-Jun,3853
3,9-Jun,84378
1,9-Jun,49048
12,9-Jun,65843
1,9-Jun,233
13,9-Jun,13263
102,9-Jun,112671
5,9-Jun,23512
5,9-Jun,7370
5,9-Jun,96982
11,9-Jun,115145
4,9-Jun,8655
3,9-Jun,43217
1,9-Jun,95725
55,9-Jun,13531
3,9-Jun,78162
3,9-Jun,30018
95,9-Jun,108741
2,9-Jun,18866
19,9-Jun,64960
4,9-Jun,7585
1,9-Jun,124092
5,9-Jun,21974
22,9-Jun,71059
7,9-Jun,748
29,9-Jun,49713
6,9-Jun,20402
1,9-Jun,23616
5,9-Jun,37881
20,9-Jun,62931
10,9-Jun,95710
37,9-Jun,8155
5,9-Jun,14971
36,9-Jun,116166
5,9-Jun,125278
11,9-Jun,41596
11,9-Jun,72312
2,9-Jun,19165
5,9-Jun,11480
16,9-Jun,49849
23,9-Jun,64203
1,9-Jun,36680
19,9-Jun,115481
8,9-Jun,12601
1,9-Jun,13370
3,9-Jun,118959
101,9-Jun,37213
2,9-Jun,111335
16,9-Jun,3171
1,9-Jun,11995
6,9-Jun,18811
2,9-Jun,102482
8,9-Jun,22595
50,9-Jun,101811
40,9-Jun,115866
24,9-Jun,67386
13,9-Jun,51103
41,9-Jun,72631
10,9-Jun,8919
40,9-Jun,7536
81,9-Jun,3146
12,9-Jun,16782
45,9-Jun,65696
13,9-Jun,3546
7,9-Jun,21501
3,9-Jun,1748769
5,9-Jun,50356
76,9-Jun,38971
3,9-Jun,87971
4,9-Jun,121112
1,9-Jun,133
1,9-Jun,46223
1,9-Jun,34537
3,9-Jun,1220
7,9-Jun,18768
2,9-Jun,66475
2,9-Jun,377
5,9-Jun,44853
62,9-Jun,22459
3,9-Jun,111124
1,9-Jun,1233
1,9-Jun,76371
1,9-Jun,125921
8,9-Jun,19679
15,9-Jun,19479
4,9-Jun,5147
8,9-Jun,59242
8,9-Jun,109302
6,9-Jun,96531
6,9-Jun,62642
11,9-Jun,14131
30,9-Jun,1869
4,9-Jun,3839
42,9-Jun,126214
2,9-Jun,19868
77,9-Jun,68587
3,9-Jun,10098
2,9-Jun,51760
11,9-Jun,41981
8,9-Jun,85863
1,9-Jun,58737
1,9-Jun,40714
43,9-Jun,76456
13,9-Jun,95573
1,9-Jun,88709
40,9-Jun,120410
2,9-Jun,51167
4,9-Jun,83741
3,9-Jun,34942
22,9-Jun,19540
65,9-Jun,1942
8,9-Jun,2385
12,9-Jun,2405
8,9-Jun,57457
20,9-Jun,55847
14,9-Jun,100964
4,9-Jun,2590
7,9-Jun,41360
2,9-Jun,85931
5,9-Jun,73831
4,9-Jun,76056
1,9-Jun,58508
3,9-Jun,45859
2,9-Jun,19302
3,9-Jun,23909
6,9-Jun,22437
2,9-Jun,25688
1,9-Jun,363
1,9-Jun,18296
7,9-Jun,1163802
14,9-Jun,84478
3,9-Jun,69258
22,9-Jun,11702
1,9-Jun,16007
4,9-Jun,5077
4,9-Jun,124839
6,9-Jun,7315
158,9-Jun,33708
3,9-Jun,118240
6,9-Jun,767
1,9-Jun,21126
42,9-Jun,65464
14,9-Jun,8670
29,9-Jun,99354
7,9-Jun,32090
1,9-Jun,1367
16,9-Jun,10593
2,9-Jun,124367
1,9-Jun,15809
2,9-Jun,116522
34,9-Jun,17160
2,9-Jun,14673
22,9-Jun,80572
3,9-Jun,105672
1,9-Jun,2046992
2,9-Jun,117587
31,9-Jun,58808
10,9-Jun,11527
52,9-Jun,69083
2,9-Jun,6461
2,9-Jun,111337
28,9-Jun,12502
16,9-Jun,2603
3,9-Jun,11098
6,9-Jun,21574
6,9-Jun,121309
5,9-Jun,13552
3,9-Jun,116472
3,9-Jun,14924
15,9-Jun,13131
16,9-Jun,114400
8,9-Jun,14660
2,9-Jun,44683
294,9-Jun,95810
5,9-Jun,107455
35,9-Jun,77507
5,9-Jun,338
81,9-Jun,28053
13,9-Jun,9787
2,9-Jun,52626
6,9-Jun,115730
5,9-Jun,35634
36,9-Jun,126014
1,9-Jun,11829
24,9-Jun,82187
92,9-Jun,12950
5,9-Jun,446733
10,9-Jun,62571
15,9-Jun,267
8,9-Jun,27020
21,9-Jun,88558
2,9-Jun,2841
10,9-Jun,106762
14,9-Jun,18196
3,9-Jun,648
1,9-Jun,2635
12,9-Jun,2326914
1,9-Jun,11963
5,9-Jun,17832
32,9-Jun,104349
24,9-Jun,87399
4,9-Jun,91768
1,9-Jun,61663
1,9-Jun,148
42,9-Jun,30461
2,9-Jun,4639
4,9-Jun,126562
1,9-Jun,6264
8,9-Jun,28278
3,9-Jun,32136
27,9-Jun,101371
6,9-Jun,5628
3,9-Jun,50049
4,9-Jun,105570
3,9-Jun,27835
44,9-Jun,12716
51,9-Jun,14860
3,9-Jun,114200
2,9-Jun,6568
47,9-Jun,117117
16,9-Jun,57601
18,9-Jun,21038
1,9-Jun,54500
7,9-Jun,23691
10,9-Jun,99206
50,9-Jun,115200
1,9-Jun,128397
1,9-Jun,26449
1,9-Jun,6329
22,9-Jun,112407
10,9-Jun,122313
11,9-Jun,34208
35,9-Jun,19404
5,9-Jun,71074
3,9-Jun,49220
7,9-Jun,21925
13,9-Jun,45
13,9-Jun,73488
3,9-Jun,7136
17,9-Jun,117215
2,9-Jun,58391
3,9-Jun,41071
2,9-Jun,128585
1,9-Jun,11834
1,9-Jun,417292
1,9-Jun,245
1,9-Jun,12320
21,9-Jun,39809
2,9-Jun,30618
2,9-Jun,45955
4,9-Jun,19617
3,9-Jun,78613
4,9-Jun,67566
34,9-Jun,48684
73,9-Jun,98713
105,9-Jun,103043
1,9-Jun,97248
1,9-Jun,120261
18,9-Jun,13724
1,9-Jun,4950
1,9-Jun,29432
5,9-Jun,1431
4,9-Jun,2653
22,9-Jun,117658
31,9-Jun,44765
9,9-Jun,1284
1,9-Jun,53777
4,9-Jun,242241
4,9-Jun,17815
35,9-Jun,105536
25,9-Jun,35829
9,9-Jun,56285
1,9-Jun,105019
10,9-Jun,784
9,9-Jun,69283
58,9-Jun,119212
3,9-Jun,7734
6,9-Jun,90025
1,9-Jun,108044
1,9-Jun,25333
14,9-Jun,15622
5,9-Jun,445
25,9-Jun,9021
2,9-Jun,13188
51,9-Jun,23897
3,9-Jun,29125
19,9-Jun,1084
1,9-Jun,52210
7,9-Jun,28832
6,9-Jun,18804
1,9-Jun,88173
15,9-Jun,33051
10,9-Jun,7034
10,9-Jun,2372835
4,9-Jun,68054
19,9-Jun,3571
5,9-Jun,42475
9,9-Jun,8090
7,9-Jun,15124
3,9-Jun,54486
24,9-May,30568
4,9-May,83805
1,9-May,5836
1,9-May,7919
6,9-May,1070
2,9-May,32958
7,9-May,95612
36,9-May,1288
2,9-May,15609
7,9-May,74118
40,9-May,50742
1,9-May,3205
3,9-May,5618
31,9-May,68204
1,9-May,85514
4,9-May,43151
2,9-May,4321
10,9-May,270
9,9-May,28875
16,9-May,47161
31,9-May,1831
32,9-May,85170
3,9-May,34855
46,9-May,108578
102,9-May,57757
8,9-May,44540
1,9-May,449902
5,9-May,6236
11,9-May,107744
2,9-May,36429
3,9-May,82
6,9-May,26620
1,9-May,65060
2,9-May,30447
5,9-May,41489
5,9-May,7890
2,9-May,110213
132,9-May,93623
7,9-May,19629
3,9-May,32465
8,9-May,84278
2,9-May,52256
1,9-May,57508
5,9-May,100190
1,9-May,12195
2,9-May,38686
154,9-May,47773
3,9-May,101762
39,9-May,73070
39,9-May,2119053
26,9-May,13663
3,9-May,39371
3,9-May,16089
1,9-May,4228
2,9-May,87973
2,9-May,63485
5,9-May,20553
5,9-May,9842
14,9-May,20938
13,9-May,100835
50,9-May,103900
11,9-May,98048
2,9-May,52589
7,9-May,67468
5,9-May,36702
12,9-May,107591
24,9-May,82294
11,9-May,17279
3,9-May,6198
1,9-May,41021
16,9-May,99635
16,9-May,10387
6,9-May,6013
1,9-May,33
14,9-May,36565
12,9-May,3560
5,9-May,20122
2,9-May,77546
8,9-May,26742
11,9-May,33226
26,9-May,86837
2,9-May,121445
4,9-May,3241
4,9-May,39622
3,9-May,45433
1,9-May,5113
4,9-May,1569
6,9-May,2567
49,9-May,67132
6,9-May,66445
2,9-May,2942
12,9-May,146270
7,9-May,7583
21,9-May,104200
15,9-May,13813
6,9-May,582
2,9-May,21755
7,9-May,100478
9,9-May,31640
6,9-May,94144
7,9-May,1554
2,9-May,533
10,9-May,57036
1,9-May,55164
1,9-May,30529
13,9-May,54964
4,9-May,4728
4,9-May,40307
96,9-May,4725
2,9-May,23934
11,9-May,43965
1,9-May,22237
4,9-May,2169
30,9-May,48933
3,9-May,781
33,9-May,27439
1,9-May,82208
1,9-May,101090
1,9-May,4928
2,9-May,65714
1,9-May,10673
22,9-May,24231
6,9-May,67268
38,9-May,100142
1,9-May,24895
8,9-May,86463
49,9-May,19068
4,9-May,283739
5,9-May,50603
12,9-May,51428
3,9-May,47012
1,9-May,23309
1,9-May,85952
3,9-May,30579
54,9-May,2424
13,9-May,18747
1,9-May,3853
2,9-May,49048
6,9-May,65843
10,9-May,233
6,9-May,13263
15,9-May,112671
1,9-May,1892
50,9-May,7370
16,9-May,96982
1,9-May,115145
2,9-May,8655
1,9-May,43217
6,9-May,95725
57,9-May,13531
5,9-May,78162
3,9-May,97688
2,9-May,13281
7,9-May,30018
117,9-May,108741
35,9-May,64960
2,9-May,7585
1,9-May,10778
1,9-May,21974
1,9-May,71059
2,9-May,748
1,9-May,49713
15,9-May,20402
7,9-May,23616
32,9-May,37881
46,9-May,62931
26,9-May,95710
4,9-May,8026
25,9-May,8155
14,9-May,14971
7,9-May,41596
23,9-May,72312
8,9-May,19165
2,9-May,11480
8,9-May,49849
42,9-May,64203
3,9-May,12601
6,9-May,103568
1,9-May,113794
75,9-May,37213
1,9-May,111335
41,9-May,3171
1,9-May,16794
4,9-May,11995
1,9-May,16957
9,9-May,18811
2,9-May,102482
9,9-May,22595
30,9-May,101811
6,9-May,67386
28,9-May,72631
40,9-May,8919
1,9-May,9457
2,9-May,7536
71,9-May,3146
23,9-May,65696
2,9-May,21501
29,9-May,1748769
75,9-May,38971
16,9-May,87971
11,9-May,46223
1,9-May,34537
1,9-May,1220
37,9-May,66475
7,9-May,377
43,9-May,44853
77,9-May,22459
2,9-May,1233
2,9-May,76371
1,9-May,17675
21,9-May,19679
13,9-May,19479
9,9-May,59242
2,9-May,31985
1,9-May,65868
1,9-May,45725
2,9-May,96531
16,9-May,62642
27,9-May,1869
1,9-May,2069
15,9-May,3839
2,9-May,19868
1,9-May,111435
1,9-May,43029
3,9-May,42136
1,9-May,10098
4,9-May,69689
4,9-May,41981
10,9-May,85863
1,9-May,58737
47,9-May,76456
2,9-May,95573
9,9-May,83741
1,9-May,95
7,9-May,34942
10,9-May,19540
11,9-May,60580
19,9-May,1942
1,9-May,2354
20,9-May,2385
5,9-May,2405
10,9-May,57457
1,9-May,2954
26,9-May,55847
23,9-May,100964
2,9-May,2590
10,9-May,41360
20,9-May,85931
1,9-May,4257
4,9-May,73831
10,9-May,76056
2,9-May,45859
4,9-May,1338
4,9-May,23909
15,9-May,22437
1,9-May,11123
2,9-May,30354
1,9-May,25688
2,9-May,18515
4,9-May,1163802
2,9-May,84478
2,9-May,69258
7,9-May,11702
7,9-May,13924
12,9-May,16007
7,9-May,5077
5,9-May,7315
158,9-May,33708
2,9-May,767
1,9-May,21126
38,9-May,65464
12,9-May,8670
46,9-May,99354
2,9-May,32090
3,9-May,22076
7,9-May,10593
31,9-May,17160
6,9-May,14673
9,9-May,80572
4,9-May,105672
7,9-May,2046992
21,9-May,58808
2,9-May,5975
2,9-May,11527
104,9-May,69083
11,9-May,6461
4,9-May,111337
15,9-May,12502
7,9-May,24582
16,9-May,2603
5,9-May,11098
12,9-May,21574
3,9-May,13552
4,9-May,14924
15,9-May,13131
14,9-May,114400
11,9-May,14660
2,9-May,44683
286,9-May,95810
1,9-May,107455
95,9-May,77507
8,9-May,338
124,9-May,28053
22,9-May,9787
13,9-May,52626
2,9-May,83605
1,9-May,8976
1,9-May,35634
1,9-May,11829
39,9-May,82187
164,9-May,12950
3,9-May,62571
3,9-May,101126
59,9-May,267
1,9-May,27020
33,9-May,88558
10,9-May,52239
2,9-May,25824
5,9-May,106762
6,9-May,18196
12,9-May,648
5,9-May,2635
6,9-May,17832
28,9-May,104349
11,9-May,87399
36,9-May,30461
1,9-May,52175
3,9-May,4639
1,9-May,6264
3,9-May,32136
4,9-May,101371
8,9-May,50049
3,9-May,105570
1,9-May,27835
23,9-May,12716
1,9-May,13216
138,9-May,14860
14,9-May,6568
2,9-May,1200558
5,9-May,57601
23,9-May,21038
4,9-May,54500
15,9-May,23691
9,9-May,99206
7,9-May,115200
10,9-May,112407
30,9-May,34208
4,9-May,85616
24,9-May,71074
3,9-May,49220
21,9-May,21925
1,9-May,1363
17,9-May,45
12,9-May,73488
1,9-May,6486
1,9-May,41071
1,9-May,11834
3,9-May,4926
44,9-May,39809
2,9-May,45955
4,9-May,78613
56,9-May,67566
1,9-May,2892
23,9-May,48684
2,9-May,99024
71,9-May,98713
74,9-May,97248
11,9-May,13724
1,9-May,4950
3,9-May,29432
4,9-May,1431
3,9-May,2653
20,9-May,44765
21,9-May,9269
5,9-May,242241
16,9-May,105536
11,9-May,35829
11,9-May,56285
1,9-May,1249
4,9-May,14467
11,9-May,784
14,9-May,69283
3,9-May,22080
9,9-May,13986
1,9-May,12388
5,9-May,7734
9,9-May,90025
12,9-May,108044
3,9-May,15622
2,9-May,445
44,9-May,9021
7,9-May,13188
12,9-May,23897
4,9-May,29125
10,9-May,1084
1,9-May,14637
6,9-May,1088
11,9-May,28832
4,9-May,18804
2,9-May,88173
24,9-May,32133
26,9-May,33051
1,9-May,52160
9,9-May,68054
1,9-May,12280
5,9-May,3571
5,9-May,42475
10,9-May,8090
9,9-May,15124
8,9-May,54486
3,9-Apr,66532
10,9-Apr,83805
1,9-Apr,5836
5,9-Apr,1070
2,9-Apr,32958
1,9-Apr,95612
1,9-Apr,2089740
3,9-Apr,2342
1,9-Apr,5618
33,9-Apr,68204
17,9-Apr,85514
9,9-Apr,270
1,9-Apr,1820
17,9-Apr,57757
1,9-Apr,20
1,9-Apr,449902
2,9-Apr,6236
2,9-Apr,1577190
1,9-Apr,65060
12,9-Apr,7890
2,9-Apr,19629
1,9-Apr,16143
71,9-Apr,32465
28,9-Apr,47773
5,9-Apr,16089
2,9-Apr,36702
1,9-Apr,14256
4,9-Apr,6198
6,9-Apr,65732
3,9-Apr,33987
6,9-Apr,8376
2,9-Apr,6013
1,9-Apr,33
15,9-Apr,3560
9,9-Apr,20122
2,9-Apr,6443
13,9-Apr,77546
2,9-Apr,26742
2,9-Apr,66445
1,9-Apr,146270
4,9-Apr,14122
1,9-Apr,956
9,9-Apr,33006
14,9-Apr,21755
18,9-Apr,31640
2,9-Apr,1554
1,9-Apr,1606
1,9-Apr,70930
10,9-Apr,54964
10,9-Apr,4728
1,9-Apr,17896
3,9-Apr,23934
1,9-Apr,781
1,9-Apr,83444
5,9-Apr,82208
1,9-Apr,4928
3,9-Apr,65714
9,9-Apr,24231
1,9-Apr,67268
6,9-Apr,20840
1,9-Apr,24895
9,9-Apr,86463
23,9-Apr,283739
4,9-Apr,50603
4,9-Apr,47012
1,9-Apr,85952
5,9-Apr,30579
3,9-Apr,8355
1,9-Apr,13263
11,9-Apr,23512
2,9-Apr,7370
1,9-Apr,96982
1,9-Apr,95725
9,9-Apr,13281
4,9-Apr,18866
40,9-Apr,64960
3,9-Apr,86937
1,9-Apr,94169
40,9-Apr,62931
11,9-Apr,95710
5,9-Apr,8026
2,9-Apr,19165
1,9-Apr,36680
1,9-Apr,4977
1,9-Apr,25920
1,9-Apr,18811
1,9-Apr,67386
2,9-Apr,19268
2,9-Apr,36384
3,9-Apr,9457
81,9-Apr,3146
1,9-Apr,21501
73,9-Apr,1748769
1,9-Apr,19990
109,9-Apr,38971
4,9-Apr,46223
1,9-Apr,377
34,9-Apr,44853
4,9-Apr,1233
1,9-Apr,5147
3,9-Apr,31985
29,9-Apr,65868
3,9-Apr,1869
3,9-Apr,3839
1,9-Apr,43029
1,9-Apr,2990
39,9-Apr,85863
1,9-Apr,58737
1,9-Apr,40714
30,9-Apr,76456
1,9-Apr,95573
2,9-Apr,88709
1,9-Apr,95
2,9-Apr,2354
2,9-Apr,57457
174,9-Apr,85931
2,9-Apr,4257
5,9-Apr,45859
1,9-Apr,19302
1,9-Apr,77775
3,9-Apr,18515
2,9-Apr,767
2,9-Apr,21126
2,9-Apr,1367
1,9-Apr,22076
84,9-Apr,18936
1,9-Apr,82780
5,9-Apr,14673
2,9-Apr,80572
2,9-Apr,1975282
55,9-Apr,2046992
5,9-Apr,4482
7,9-Apr,5975
5,9-Apr,11527
6,9-Apr,6461
28,9-Apr,12502
4,9-Apr,2603
110,9-Apr,77507
27,9-Apr,28053
30,9-Apr,83605
1,9-Apr,67332
2,9-Apr,8976
1,9-Apr,11829
1,9-Apr,446733
1,9-Apr,29900
3,9-Apr,85950
2,9-Apr,25824
3,9-Apr,648
4,9-Apr,2635
12,9-Apr,87399
1,9-Apr,52175
1,9-Apr,12916
2,9-Apr,5628
2,9-Apr,27835
6,9-Apr,1200558
1,9-Apr,62186
1,9-Apr,97627
2,9-Apr,6329
3,9-Apr,85616
2,9-Apr,49220
9,9-Apr,245
16,9-Apr,4926
2,9-Apr,25167
51,9-Apr,39809
2,9-Apr,45955
11,9-Apr,6364
1,9-Apr,19617
1,9-Apr,52490
41,9-Apr,67566
6,9-Apr,97248
6,9-Apr,4950
3,9-Apr,53162
6,9-Apr,29432
1,9-Apr,1431
1,9-Apr,1284
6,9-Apr,242241
37,9-Apr,35829
1,9-Apr,6083
5,9-Apr,1249
6,9-Apr,14467
1,9-Apr,22080
5,9-Apr,13986
2,9-Apr,25418
2,9-Apr,25333
1,9-Apr,88173
13,9-Apr,32133
17,9-Apr,2372835
8,9-Apr,12280
6,9-Apr,42475
10,9-Apr,54486
3,10-Mar,257786
2,10-Mar,158014
1,10-Mar,93623
2,10-Mar,119895
1,10-Mar,20938
1,10-Mar,154219
2,10-Mar,127549
1,10-Mar,17279
1,10-Mar,60950
1,10-Mar,36565
1,10-Mar,177800
1,10-Mar,86837
2,10-Mar,119159
2,10-Mar,112222
1,10-Mar,216074
1,10-Mar,27439
1,10-Mar,135952
2,10-Mar,115145
1,10-Mar,71059
10,10-Mar,131527
1,10-Mar,20402
1,10-Mar,8155
2,10-Mar,72312
1,10-Mar,72631
2,10-Mar,174728
1,10-Mar,135152
1,10-Mar,19868
1,10-Mar,76456
1,10-Mar,120410
1,10-Mar,2405
1,10-Mar,41360
1,10-Mar,156142
1,10-Mar,33708
2,10-Mar,105672
1,10-Mar,80136
2,10-Mar,24582
1,10-Mar,14924
5,10-Mar,95810
1,10-Mar,52626
4,10-Mar,12950
2,10-Mar,276070
1,10-Mar,27020
1,10-Mar,88558
2,10-Mar,226621
1,10-Mar,72746
1,10-Mar,105570
1,10-Mar,85616
3,10-Mar,207716
1,10-Mar,9021
1,10-Mar,242897
2,9-Mar,35478
14,9-Mar,66532
4,9-Mar,35116
15,9-Mar,30568
1,9-Mar,83805
2,9-Mar,5836
1,9-Mar,7919
2,9-Mar,32958
36,9-Mar,1288
1,9-Mar,75224
2,9-Mar,14749
1,9-Mar,15609
1,9-Mar,10893
1,9-Mar,4092
16,9-Mar,50742
2,9-Mar,3205
27,9-Mar,68204
3,9-Mar,4321
7,9-Mar,270
3,9-Mar,28875
20,9-Mar,47161
26,9-Mar,1831
4,9-Mar,85170
21,9-Mar,34855
1,9-Mar,57757
25,9-Mar,44540
2,9-Mar,449902
1,9-Mar,6236
2,9-Mar,38522
5,9-Mar,1577190
4,9-Mar,26620
4,9-Mar,65060
20,9-Mar,7890
6,9-Mar,19629
23,9-Mar,32465
6,9-Mar,84278
1,9-Mar,52256
6,9-Mar,57508
10,9-Mar,12195
1,9-Mar,38686
35,9-Mar,73070
6,9-Mar,13663
1,9-Mar,39371
1,9-Mar,16089
11,9-Mar,63485
5,9-Mar,20553
6,9-Mar,9842
13,9-Mar,20938
1,9-Mar,52589
10,9-Mar,67468
8,9-Mar,36702
1,9-Mar,17279
1,9-Mar,14256
1,9-Mar,6198
10,9-Mar,65732
1,9-Mar,33987
2,9-Mar,41021
6,9-Mar,10387
1,9-Mar,6013
4,9-Mar,33
21,9-Mar,36565
1,9-Mar,109
7,9-Mar,20122
2,9-Mar,6443
1,9-Mar,10293
15,9-Mar,77546
30,9-Mar,33226
8,9-Mar,3241
1,9-Mar,41718
18,9-Mar,45433
24,9-Mar,2567
41,9-Mar,67132
4,9-Mar,66445
1,9-Mar,2942
2,9-Mar,146270
3,9-Mar,14122
1,9-Mar,956
5,9-Mar,7583
29,9-Mar,13813
1,9-Mar,21755
27,9-Mar,31640
4,9-Mar,533
13,9-Mar,57036
2,9-Mar,1606
8,9-Mar,20504
20,9-Mar,55164
11,9-Mar,70930
5,9-Mar,54964
8,9-Mar,4728
3,9-Mar,17896
68,9-Mar,4725
2,9-Mar,23934
8,9-Mar,43965
1,9-Mar,27305
2,9-Mar,2169
13,9-Mar,48933
16,9-Mar,15996
1,9-Mar,27439
1,9-Mar,82208
4,9-Mar,65714
5,9-Mar,24231
2,9-Mar,20840
2,9-Mar,24895
1,9-Mar,631
2,9-Mar,20138
4,9-Mar,6583
6,9-Mar,51428
2,9-Mar,47012
1,9-Mar,30579
44,9-Mar,2424
6,9-Mar,8355
19,9-Mar,18747
1,9-Mar,3853
1,9-Mar,84378
5,9-Mar,65843
21,9-Mar,233
14,9-Mar,13263
29,9-Mar,13531
1,9-Mar,27678
5,9-Mar,78162
29,9-Mar,13281
15,9-Mar,30018
4,9-Mar,18866
6,9-Mar,64960
1,9-Mar,7585
20,9-Mar,21974
2,9-Mar,71059
45,9-Mar,20402
2,9-Mar,601581
2,9-Mar,23616
82,9-Mar,37881
17,9-Mar,62931
5,9-Mar,8026
10,9-Mar,8155
4,9-Mar,14971
16,9-Mar,41596
13,9-Mar,72312
8,9-Mar,19165
1,9-Mar,11480
21,9-Mar,64203
1,9-Mar,36680
1,9-Mar,4977
2,9-Mar,12601
66,9-Mar,37213
45,9-Mar,3171
8,9-Mar,11995
1,9-Mar,22595
6,9-Mar,67386
14,9-Mar,19268
5,9-Mar,36384
40,9-Mar,72631
1,9-Mar,9457
13,9-Mar,7536
28,9-Mar,3146
41,9-Mar,65696
8,9-Mar,19990
1,9-Mar,50356
7,9-Mar,38971
1,9-Mar,133
1,9-Mar,66475
4,9-Mar,377
11,9-Mar,44853
71,9-Mar,22459
3,9-Mar,1233
19,9-Mar,19679
21,9-Mar,19479
4,9-Mar,59242
6,9-Mar,75505
1,9-Mar,31985
144,9-Mar,65868
1,9-Mar,62642
3,9-Mar,14131
8,9-Mar,1869
12,9-Mar,3839
26,9-Mar,42136
5,9-Mar,10098
7,9-Mar,2990
1,9-Mar,41981
1,9-Mar,83741
1,9-Mar,95
7,9-Mar,34942
17,9-Mar,19540
10,9-Mar,60580
20,9-Mar,1942
14,9-Mar,2385
3,9-Mar,2405
1,9-Mar,57457
8,9-Mar,2954
22,9-Mar,55847
5,9-Mar,2590
5,9-Mar,41360
7,9-Mar,73831
8,9-Mar,76056
2,9-Mar,19302
5,9-Mar,1338
1,9-Mar,77775
1,9-Mar,22437
1,9-Mar,25688
21,9-Mar,18515
4,9-Mar,1163802
2,9-Mar,69258
1,9-Mar,16007
1,9-Mar,5077
10,9-Mar,7315
117,9-Mar,33708
2,9-Mar,65464
7,9-Mar,8670
11,9-Mar,32090
3,9-Mar,1367
1,9-Mar,22076
10,9-Mar,10593
168,9-Mar,18936
1,9-Mar,82780
1,9-Mar,15809
11,9-Mar,17160
1,9-Mar,14673
7,9-Mar,688
4,9-Mar,68015
14,9-Mar,58808
3,9-Mar,4482
12,9-Mar,11527
128,9-Mar,69083
36,9-Mar,6461
3,9-Mar,12502
2,9-Mar,24582
15,9-Mar,2603
14,9-Mar,11098
23,9-Mar,21574
29,9-Mar,13552
5,9-Mar,14660
1,9-Mar,44683
33,9-Mar,77507
7,9-Mar,338
9,9-Mar,9787
14,9-Mar,52626
1,9-Mar,83605
4,9-Mar,67332
1,9-Mar,35634
25,9-Mar,82187
157,9-Mar,12950
4,9-Mar,62571
13,9-Mar,267
1,9-Mar,27020
4,9-Mar,29900
9,9-Mar,52239
1,9-Mar,25824
5,9-Mar,402
1,9-Mar,18196
4,9-Mar,2635
1,9-Mar,24197
8,9-Mar,17832
1,9-Mar,61663
26,9-Mar,30461
2,9-Mar,52175
1,9-Mar,4639
12,9-Mar,28278
8,9-Mar,32136
4,9-Mar,5628
48,9-Mar,50049
3,9-Mar,72746
21,9-Mar,12716
1,9-Mar,13216
79,9-Mar,14860
6,9-Mar,6568
1,9-Mar,9908
11,9-Mar,1200558
17,9-Mar,62186
10,9-Mar,57601
1,9-Mar,21038
2,9-Mar,54500
33,9-Mar,23691
2,9-Mar,6329
34,9-Mar,34208
8,9-Mar,71074
4,9-Mar,49220
17,9-Mar,21925
2,9-Mar,45
20,9-Mar,73488
9,9-Mar,58391
2,9-Mar,73820
5,9-Mar,11834
5,9-Mar,245
34,9-Mar,4926
25,9-Mar,39809
4,9-Mar,45955
14,9-Mar,6364
10,9-Mar,78613
24,9-Mar,48684
16,9-Mar,13724
8,9-Mar,4950
36,9-Mar,53162
5,9-Mar,29432
47,9-Mar,44765
2,9-Mar,1284
7,9-Mar,9269
3,9-Mar,242241
4,9-Mar,17815
19,9-Mar,35829
5,9-Mar,56285
3,9-Mar,1249
8,9-Mar,784
25,9-Mar,69283
1,9-Mar,22080
1,9-Mar,47110
24,9-Mar,13986
7,9-Mar,7734
1,9-Mar,25418
4,9-Mar,17343
7,9-Mar,15622
55,9-Mar,9021
6,9-Mar,13188
1,9-Mar,23897
7,9-Mar,1084
6,9-Mar,14637
9,9-Mar,1088
6,9-Mar,28832
1,9-Mar,41200
8,9-Mar,18804
30,9-Mar,33051
1,9-Mar,7034
6,9-Mar,2372835
3,9-Mar,68054
3,9-Mar,12280
4,9-Mar,3571
3,9-Mar,42475
10,9-Mar,8090
14,9-Mar,15124
13,9-Mar,54486
1,10-Feb,7919
1,10-Feb,95612
1,10-Feb,15609
3,10-Feb,129655
1,10-Feb,257786
2,10-Feb,1820
1,10-Feb,82
3,10-Feb,26620
4,10-Feb,93623
1,10-Feb,84278
2,10-Feb,119895
2,10-Feb,101762
1,10-Feb,144997
1,10-Feb,166938
4,10-Feb,139396
3,10-Feb,20938
1,10-Feb,158701
9,10-Feb,154219
4,10-Feb,127549
1,10-Feb,107591
2,10-Feb,17279
4,10-Feb,145346
8,10-Feb,153285
4,10-Feb,60950
3,10-Feb,36565
6,10-Feb,177800
3,10-Feb,86837
4,10-Feb,119159
1,10-Feb,238704
1,10-Feb,112222
3,10-Feb,67132
9,10-Feb,216074
4,10-Feb,53328
1,10-Feb,57036
1,10-Feb,20504
1,10-Feb,4728
1,10-Feb,40307
1,10-Feb,27305
1,10-Feb,2169
5,10-Feb,27439
2,10-Feb,135952
10,10-Feb,19068
1,10-Feb,8355
3,10-Feb,73297
1,10-Feb,245603
3,10-Feb,84378
1,10-Feb,65843
3,10-Feb,168225
3,10-Feb,155693
14,10-Feb,115145
1,10-Feb,71059
32,10-Feb,131527
3,10-Feb,20402
1,10-Feb,170333
3,10-Feb,8155
3,10-Feb,14971
2,10-Feb,41596
2,10-Feb,11480
1,10-Feb,101811
1,10-Feb,9457
2,10-Feb,65696
1,10-Feb,38971
1,10-Feb,87971
17,10-Feb,174728
2,10-Feb,44853
1,10-Feb,210709
11,10-Feb,135152
1,10-Feb,233522
4,10-Feb,96531
2,10-Feb,205229
1,10-Feb,19868
2,10-Feb,68587
5,10-Feb,179542
2,10-Feb,120410
1,10-Feb,60580
2,10-Feb,2405
3,10-Feb,239438
1,10-Feb,41360
2,10-Feb,58508
1,10-Feb,252591
1,10-Feb,5077
3,10-Feb,33708
2,10-Feb,229044
2,10-Feb,99354
1,10-Feb,204042
1,10-Feb,17160
1,10-Feb,105672
6,10-Feb,24582
13,10-Feb,235058
2,10-Feb,21574
1,10-Feb,14924
1,10-Feb,234322
25,10-Feb,95810
1,10-Feb,52626
3,10-Feb,115730
1,10-Feb,11829
13,10-Feb,12950
1,10-Feb,276070
2,10-Feb,267
1,10-Feb,27020
3,10-Feb,88558
8,10-Feb,149392
2,10-Feb,243782
1,10-Feb,158065
7,10-Feb,104349
10,10-Feb,226621
1,10-Feb,126562
3,10-Feb,32136
3,10-Feb,105570
4,10-Feb,12716
4,10-Feb,152083
4,10-Feb,228191
1,10-Feb,185722
2,10-Feb,112407
1,10-Feb,34208
1,10-Feb,85616
2,10-Feb,71074
1,10-Feb,21925
1,10-Feb,58391
1,10-Feb,128585
3,10-Feb,120261
7,10-Feb,231716
1,10-Feb,207716
2,10-Feb,15622
5,10-Feb,9021
1,10-Feb,253257
3,10-Feb,14637
8,10-Feb,263004
1,10-Feb,144846
15,10-Feb,242897
1,9-Feb,35478
1,9-Feb,66532
42,9-Feb,30568
1,9-Feb,10527
3,9-Feb,5836
1,9-Feb,16800
2,9-Feb,7919
4,9-Feb,65845
3,9-Feb,32958
1,9-Feb,2342
1,9-Feb,29057
50,9-Feb,1288
1,9-Feb,10893
4,9-Feb,4092
44,9-Feb,50742
5,9-Feb,5618
9,9-Feb,68204
4,9-Feb,4321
2,9-Feb,270
2,9-Feb,28875
8,9-Feb,47161
36,9-Feb,1831
21,9-Feb,34855
9,9-Feb,44540
3,9-Feb,20
1,9-Feb,6236
1,9-Feb,82
2,9-Feb,38522
26,9-Feb,26620
18,9-Feb,7890
3,9-Feb,19629
21,9-Feb,16143
3,9-Feb,32465
2,9-Feb,57508
6,9-Feb,12195
1,9-Feb,38686
7,9-Feb,13663
4,9-Feb,39371
2,9-Feb,4228
17,9-Feb,63485
7,9-Feb,20553
1,9-Feb,9842
11,9-Feb,52589
6,9-Feb,67468
2,9-Feb,6198
6,9-Feb,33987
5,9-Feb,41021
6,9-Feb,10387
7,9-Feb,6013
4,9-Feb,33
15,9-Feb,20122
2,9-Feb,6443
5,9-Feb,10293
4,9-Feb,26742
19,9-Feb,33226
7,9-Feb,3241
5,9-Feb,64860
26,9-Feb,45433
6,9-Feb,1569
14,9-Feb,2567
4,9-Feb,67132
14,9-Feb,66445
1,9-Feb,2942
5,9-Feb,146270
10,9-Feb,14122
4,9-Feb,956
23,9-Feb,7583
25,9-Feb,13813
1,9-Feb,3410
2,9-Feb,21755
21,9-Feb,31640
2,9-Feb,1554
3,9-Feb,533
60,9-Feb,57036
3,9-Feb,1606
2,9-Feb,20504
19,9-Feb,55164
1,9-Feb,54964
3,9-Feb,17896
37,9-Feb,4725
3,9-Feb,23934
21,9-Feb,43965
2,9-Feb,2169
3,9-Feb,48933
1,9-Feb,15996
2,9-Feb,4928
32,9-Feb,65714
2,9-Feb,24231
1,9-Feb,20951
2,9-Feb,67268
19,9-Feb,20840
1,9-Feb,631
2,9-Feb,6583
6,9-Feb,51428
5,9-Feb,47012
2,9-Feb,23309
1,9-Feb,30579
10,9-Feb,2424
1,9-Feb,8355
24,9-Feb,18747
1,9-Feb,38256
7,9-Feb,3853
1,9-Feb,49048
7,9-Feb,65843
9,9-Feb,233
15,9-Feb,13263
2,9-Feb,29347
5,9-Feb,1892
2,9-Feb,43217
42,9-Feb,13531
1,9-Feb,27678
8,9-Feb,13281
18,9-Feb,30018
1,9-Feb,18866
1,9-Feb,7585
7,9-Feb,21974
2,9-Feb,1575281
7,9-Feb,748
1,9-Feb,22710
1,9-Feb,20402
77,9-Feb,37881
22,9-Feb,62931
1,9-Feb,41782
2,9-Feb,8026
1,9-Feb,72312
8,9-Feb,19165
7,9-Feb,64203
9,9-Feb,4977
5,9-Feb,12601
85,9-Feb,37213
3,9-Feb,25920
1,9-Feb,3171
14,9-Feb,11995
5,9-Feb,18811
12,9-Feb,67386
3,9-Feb,19268
10,9-Feb,36384
3,9-Feb,9457
11,9-Feb,7536
18,9-Feb,3146
35,9-Feb,65696
3,9-Feb,34537
6,9-Feb,1220
3,9-Feb,18768
3,9-Feb,66475
12,9-Feb,377
39,9-Feb,44853
40,9-Feb,22459
5,9-Feb,1233
33,9-Feb,19679
21,9-Feb,19479
7,9-Feb,5147
2,9-Feb,59242
73,9-Feb,65868
5,9-Feb,14131
9,9-Feb,1869
1,9-Feb,3839
1,9-Feb,19868
44,9-Feb,42136
4,9-Feb,10098
1,9-Feb,2990
2,9-Feb,41981
1,9-Feb,26699
6,9-Feb,40714
2,9-Feb,51167
4,9-Feb,34942
3,9-Feb,19540
6,9-Feb,60580
33,9-Feb,1942
3,9-Feb,2385
1,9-Feb,57457
3,9-Feb,2954
41,9-Feb,55847
1,9-Feb,2590
2,9-Feb,24820
1,9-Feb,4257
2,9-Feb,45859
2,9-Feb,19302
1,9-Feb,24109
5,9-Feb,1338
1,9-Feb,23909
9,9-Feb,22437
1,9-Feb,11123
3,9-Feb,25688
7,9-Feb,14337
15,9-Feb,18515
5,9-Feb,1163802
1,9-Feb,69258
1,9-Feb,13924
1,9-Feb,16007
4,9-Feb,5077
11,9-Feb,7315
2,9-Feb,16582
6,9-Feb,65464
5,9-Feb,8670
8,9-Feb,32090
9,9-Feb,22076
5,9-Feb,10593
127,9-Feb,18936
9,9-Feb,15809
3,9-Feb,14673
16,9-Feb,688
26,9-Feb,1975282
19,9-Feb,68015
32,9-Feb,58808
3,9-Feb,4482
6,9-Feb,11527
28,9-Feb,69083
17,9-Feb,6461
3,9-Feb,24582
18,9-Feb,2603
6,9-Feb,11098
20,9-Feb,13552
2,9-Feb,14924
1,9-Feb,65694
15,9-Feb,14660
6,9-Feb,44683
9,9-Feb,338
10,9-Feb,9787
11,9-Feb,67332
4,9-Feb,8976
1,9-Feb,35634
1,9-Feb,11829
11,9-Feb,62571
1,9-Feb,32536
7,9-Feb,29900
10,9-Feb,52239
1,9-Feb,25824
1,9-Feb,18196
19,9-Feb,2635
1,9-Feb,24197
4,9-Feb,17832
1,9-Feb,61663
36,9-Feb,30461
6,9-Feb,52175
1,9-Feb,4639
10,9-Feb,28278
26,9-Feb,50049
1,9-Feb,4913
151,9-Feb,14860
8,9-Feb,6568
7,9-Feb,9908
6,9-Feb,1200558
29,9-Feb,62186
16,9-Feb,57601
87,9-Feb,23691
1,9-Feb,71074
6,9-Feb,49220
7,9-Feb,21925
12,9-Feb,45
2,9-Feb,7136
1,9-Feb,6486
2,9-Feb,58391
9,9-Feb,11834
1,9-Feb,245
22,9-Feb,4926
7,9-Feb,25167
2,9-Feb,39809
1,9-Feb,45955
5,9-Feb,6364
54,9-Feb,48684
20,9-Feb,13724
4,9-Feb,4950
9,9-Feb,53162
1,9-Feb,1431
18,9-Feb,44765
2,9-Feb,1284
7,9-Feb,9269
6,9-Feb,242241
2,9-Feb,17815
4,9-Feb,56285
9,9-Feb,1249
8,9-Feb,784
8,9-Feb,69283
4,9-Feb,47110
9,9-Feb,13986
2,9-Feb,12388
12,9-Feb,7734
11,9-Feb,25418
1,9-Feb,17343
4,9-Feb,445
3,9-Feb,13188
4,9-Feb,29125
12,9-Feb,1084
20,9-Feb,14637
7,9-Feb,52210
6,9-Feb,1088
20,9-Feb,28832
6,9-Feb,18804
1,9-Feb,32133
18,9-Feb,33051
1,9-Feb,7034
4,9-Feb,2372835
2,9-Feb,68054
2,9-Feb,12280
3,9-Feb,3571
6,9-Feb,42475
18,9-Feb,8090
24,9-Feb,15124
21,9-Feb,54486
2,10-Jan,10527
10,10-Jan,219159
1,10-Jan,118437
1,10-Jan,7919
1,10-Jan,1070
1,10-Jan,49381
6,10-Jan,3041
1,10-Jan,65845
5,10-Jan,95612
1,10-Jan,75224
1,10-Jan,14149
2,10-Jan,15609
5,10-Jan,74118
1,10-Jan,4092
1,10-Jan,50742
4,10-Jan,129655
6,10-Jan,257786
2,10-Jan,85514
1,10-Jan,4321
7,10-Jan,28875
1,10-Jan,1820
9,10-Jan,47161
3,10-Jan,1831
1,10-Jan,75956
2,10-Jan,85170
1,10-Jan,82
1,10-Jan,38522
19,10-Jan,26620
1,10-Jan,184773
2,10-Jan,231216
5,10-Jan,202085
1,10-Jan,143725
1,10-Jan,214668
3,10-Jan,30447
4,10-Jan,93623
1,10-Jan,52256
3,10-Jan,144491
2,10-Jan,12195
13,10-Jan,138475
8,10-Jan,73070
2,10-Jan,2119053
1,10-Jan,13663
1,10-Jan,111331
3,10-Jan,4228
2,10-Jan,20553
19,10-Jan,231316
36,10-Jan,139396
5,10-Jan,9842
9,10-Jan,20938
1,10-Jan,243031
1,10-Jan,164075
1,10-Jan,158701
1,10-Jan,160671
4,10-Jan,154219
7,10-Jan,127549
3,10-Jan,67468
3,10-Jan,107591
3,10-Jan,17279
4,10-Jan,145346
26,10-Jan,153285
1,10-Jan,41021
5,10-Jan,10387
13,10-Jan,60950
1,10-Jan,33
16,10-Jan,36565
2,10-Jan,10293
17,10-Jan,177800
20,10-Jan,86837
1,10-Jan,112871
19,10-Jan,238704
14,10-Jan,112222
2,10-Jan,3241
1,10-Jan,20487
1,10-Jan,64860
3,10-Jan,1569
10,10-Jan,67132
4,10-Jan,216074
1,10-Jan,146270
6,10-Jan,104200
1,10-Jan,53328
4,10-Jan,127013
1,10-Jan,1554
7,10-Jan,57036
9,10-Jan,55164
3,10-Jan,126998
1,10-Jan,40307
4,10-Jan,4725
1,10-Jan,106244
1,10-Jan,23934
1,10-Jan,2169
2,10-Jan,48933
1,10-Jan,781
2,10-Jan,83444
17,10-Jan,27439
2,10-Jan,101090
3,10-Jan,126039
1,10-Jan,158502
3,10-Jan,86463
2,10-Jan,135952
56,10-Jan,19068
1,10-Jan,283739
2,10-Jan,108205
3,10-Jan,255363
3,10-Jan,2424
2,10-Jan,8355
1,10-Jan,119280
17,10-Jan,61974
11,10-Jan,73297
2,10-Jan,245603
1,10-Jan,84378
2,10-Jan,65843
1,10-Jan,13263
34,10-Jan,168225
3,10-Jan,7370
2,10-Jan,96982
13,10-Jan,155693
42,10-Jan,115145
3,10-Jan,8655
2,10-Jan,43217
6,10-Jan,78162
5,10-Jan,108741
2,10-Jan,7585
3,10-Jan,21974
10,10-Jan,71059
1,10-Jan,748
158,10-Jan,131527
5,10-Jan,210578
5,10-Jan,20402
4,10-Jan,37881
7,10-Jan,192510
2,10-Jan,210421
2,10-Jan,8155
12,10-Jan,14971
1,10-Jan,41596
3,10-Jan,72312
1,10-Jan,162407
3,10-Jan,11480
2,10-Jan,36680
1,10-Jan,4977
4,10-Jan,12601
148,10-Jan,113794
10,10-Jan,37213
4,10-Jan,111335
8,10-Jan,3171
1,10-Jan,171006
2,10-Jan,102482
8,10-Jan,22595
17,10-Jan,115866
1,10-Jan,143476
3,10-Jan,157027
2,10-Jan,36384
3,10-Jan,72631
1,10-Jan,8919
1,10-Jan,9457
8,10-Jan,7536
3,10-Jan,245820
1,10-Jan,65696
2,10-Jan,3546
1,10-Jan,50356
5,10-Jan,38971
2,10-Jan,87971
2,10-Jan,213136
2,10-Jan,121112
11,10-Jan,174728
2,10-Jan,100020
1,10-Jan,210709
3,10-Jan,207752
2,10-Jan,111124
6,10-Jan,19679
2,10-Jan,19479
58,10-Jan,135152
85,10-Jan,233522
1,10-Jan,59242
1,10-Jan,109302
2,10-Jan,109702
1,10-Jan,65868
2,10-Jan,138071
1,10-Jan,96531
1,10-Jan,166940
4,10-Jan,217076
6,10-Jan,205229
2,10-Jan,19868
1,10-Jan,111435
2,10-Jan,69689
3,10-Jan,41981
4,10-Jan,179542
2,10-Jan,40714
2,10-Jan,95573
1,10-Jan,120410
2,10-Jan,51167
3,10-Jan,83741
6,10-Jan,153865
8,10-Jan,34942
1,10-Jan,19540
2,10-Jan,60580
2,10-Jan,2385
14,10-Jan,239438
2,10-Jan,55847
2,10-Jan,2590
1,10-Jan,144746
7,10-Jan,41360
1,10-Jan,4257
5,10-Jan,76056
6,10-Jan,58508
17,10-Jan,156142
20,10-Jan,252591
3,10-Jan,18515
7,10-Jan,84478
2,10-Jan,165297
2,10-Jan,11702
1,10-Jan,12034
3,10-Jan,194982
2,10-Jan,16007
3,10-Jan,5077
6,10-Jan,135531
6,10-Jan,121531
38,10-Jan,33708
1,10-Jan,118240
2,10-Jan,65464
13,10-Jan,229044
15,10-Jan,99354
10,10-Jan,241876
1,10-Jan,1367
2,10-Jan,22076
3,10-Jan,10593
22,10-Jan,18936
7,10-Jan,204042
5,10-Jan,212275
3,10-Jan,15809
12,10-Jan,17160
1,10-Jan,14673
3,10-Jan,80572
1,10-Jan,68015
3,10-Jan,235945
2,10-Jan,117638
5,10-Jan,211160
11,10-Jan,69083
17,10-Jan,24582
74,10-Jan,235058
25,10-Jan,21574
11,10-Jan,13552
4,10-Jan,14924
20,10-Jan,198707
3,10-Jan,143305
147,10-Jan,95810
1,10-Jan,338
1,10-Jan,9787
13,10-Jan,52626
18,10-Jan,107642
1,10-Jan,130006
1,10-Jan,83605
16,10-Jan,115730
1,10-Jan,35634
1,10-Jan,26406
9,10-Jan,126014
2,10-Jan,82187
48,10-Jan,12950
1,10-Jan,62571
19,10-Jan,267
5,10-Jan,27020
19,10-Jan,88558
5,10-Jan,52239
16,10-Jan,149392
2,10-Jan,18196
14,10-Jan,243782
1,10-Jan,17832
3,10-Jan,158065
45,10-Jan,104349
1,10-Jan,87399
1,10-Jan,135786
1,10-Jan,136407
78,10-Jan,226621
1,10-Jan,148
6,10-Jan,30461
23,10-Jan,126562
2,10-Jan,32136
1,10-Jan,72746
5,10-Jan,105570
1,10-Jan,164230
14,10-Jan,12716
11,10-Jan,14860
1,10-Jan,154306
1,10-Jan,155137
99,10-Jan,152083
9,10-Jan,228191
2,10-Jan,97627
1,10-Jan,128397
5,10-Jan,137624
6,10-Jan,185722
5,10-Jan,112407
5,10-Jan,34208
1,10-Jan,239819
4,10-Jan,21925
1,10-Jan,130121
1,10-Jan,73488
3,10-Jan,7136
3,10-Jan,117215
17,10-Jan,58391
1,10-Jan,618
5,10-Jan,128585
3,10-Jan,11834
3,10-Jan,417292
1,10-Jan,113124
1,10-Jan,189361
2,10-Jan,78613
7,10-Jan,67566
1,10-Jan,144012
1,10-Jan,48684
9,10-Jan,98713
1,10-Jan,103043
3,10-Jan,139766
1,10-Jan,44765
1,10-Jan,141502
1,10-Jan,147320
7,10-Jan,105536
1,10-Jan,171206
10,10-Jan,174614
61,10-Jan,231716
2,10-Jan,69283
5,10-Jan,207716
1,10-Jan,13986
4,10-Jan,7734
12,10-Jan,192910
7,10-Jan,17343
5,10-Jan,15622
1,10-Jan,303180
15,10-Jan,220299
35,10-Jan,9021
7,10-Jan,23897
1,10-Jan,1084
22,10-Jan,14637
18,10-Jan,239168
2,10-Jan,1088
1,10-Jan,88173
1,10-Jan,225647
1,10-Jan,111888
2,10-Jan,33051
5,10-Jan,242897
3,10-Jan,7034
1,10-Jan,68054
36,10-Jan,12280
2,9-Jan,35478
14,9-Jan,35116
31,9-Jan,30568
7,9-Jan,5836
2,9-Jan,7919
1,9-Jan,32958
1,9-Jan,2342
59,9-Jan,1288
4,9-Jan,15609
1,9-Jan,4092
26,9-Jan,50742
6,9-Jan,5618
6,9-Jan,4321
10,9-Jan,270
5,9-Jan,28875
9,9-Jan,47161
11,9-Jan,1831
2,9-Jan,34855
5,9-Jan,44540
3,9-Jan,20
7,9-Jan,449902
1,9-Jan,6236
9,9-Jan,82
3,9-Jan,1577190
37,9-Jan,26620
4,9-Jan,41489
11,9-Jan,7890
1,9-Jan,19629
76,9-Jan,16143
29,9-Jan,32465
3,9-Jan,52256
7,9-Jan,57508
2,9-Jan,12195
3,9-Jan,47773
13,9-Jan,13663
3,9-Jan,39371
3,9-Jan,16089
2,9-Jan,4228
13,9-Jan,20553
11,9-Jan,9842
1,9-Jan,52589
5,9-Jan,33987
18,9-Jan,41021
13,9-Jan,10387
2,9-Jan,6013
3,9-Jan,33
10,9-Jan,20122
1,9-Jan,6443
1,9-Jan,10293
2,9-Jan,26742
17,9-Jan,33226
20,9-Jan,3241
3,9-Jan,41718
44,9-Jan,45433
1,9-Jan,1569
1,9-Jan,19468
9,9-Jan,2567
3,9-Jan,2942
1,9-Jan,146270
9,9-Jan,14122
9,9-Jan,956
5,9-Jan,7583
25,9-Jan,13813
13,9-Jan,582
3,9-Jan,3410
11,9-Jan,53328
7,9-Jan,33006
4,9-Jan,21755
2,9-Jan,31640
28,9-Jan,57036
2,9-Jan,55164
1,9-Jan,30529
2,9-Jan,54964
4,9-Jan,17896
36,9-Jan,4725
1,9-Jan,23934
23,9-Jan,43965
6,9-Jan,2169
20,9-Jan,48933
1,9-Jan,781
2,9-Jan,15996
2,9-Jan,51717
1,9-Jan,24231
2,9-Jan,46
21,9-Jan,20840
1,9-Jan,631
2,9-Jan,6583
15,9-Jan,51428
29,9-Jan,2424
20,9-Jan,18747
8,9-Jan,3853
24,9-Jan,49048
5,9-Jan,233
5,9-Jan,13263
2,9-Jan,1892
20,9-Jan,13531
6,9-Jan,13281
9,9-Jan,30018
1,9-Jan,18866
1,9-Jan,7585
1,9-Jan,10778
2,9-Jan,21974
3,9-Jan,748
1,9-Jan,22710
1,9-Jan,37881
4,9-Jan,8026
12,9-Jan,14971
4,9-Jan,19165
4,9-Jan,11480
2,9-Jan,36680
33,9-Jan,4977
9,9-Jan,12601
1,9-Jan,13370
137,9-Jan,37213
3,9-Jan,16794
2,9-Jan,11995
10,9-Jan,18811
3,9-Jan,22595
12,9-Jan,36384
2,9-Jan,9457
18,9-Jan,3146
7,9-Jan,50356
4,9-Jan,34537
4,9-Jan,1220
9,9-Jan,66475
7,9-Jan,377
50,9-Jan,44853
2,9-Jan,59541
20,9-Jan,22459
4,9-Jan,1233
1,9-Jan,17675
26,9-Jan,19679
9,9-Jan,19479
3,9-Jan,5147
4,9-Jan,31985
1,9-Jan,21640
1,9-Jan,14131
1,9-Jan,1869
1,9-Jan,19868
29,9-Jan,42136
3,9-Jan,10098
3,9-Jan,2990
18,9-Jan,51760
26,9-Jan,41981
1,9-Jan,26699
12,9-Jan,40714
1,9-Jan,95
1,9-Jan,34942
1,9-Jan,60580
28,9-Jan,1942
8,9-Jan,2385
12,9-Jan,2405
1,9-Jan,57457
1,9-Jan,2954
4,9-Jan,55847
11,9-Jan,2590
3,9-Jan,4257
1,9-Jan,45859
31,9-Jan,19302
12,9-Jan,1338
2,9-Jan,23909
6,9-Jan,22437
1,9-Jan,11123
2,9-Jan,363
1,9-Jan,18296
3,9-Jan,11702
4,9-Jan,16007
19,9-Jan,7315
1,9-Jan,30700
6,9-Jan,51771
2,9-Jan,16582
1,9-Jan,767
8,9-Jan,8670
21,9-Jan,32090
1,9-Jan,1367
3,9-Jan,22076
18,9-Jan,10593
75,9-Jan,18936
2,9-Jan,15809
47,9-Jan,17160
21,9-Jan,1975282
20,9-Jan,58808
3,9-Jan,4482
1,9-Jan,5975
54,9-Jan,6461
24,9-Jan,2603
21,9-Jan,11098
19,9-Jan,21574
24,9-Jan,13552
6,9-Jan,14924
2,9-Jan,15485
8,9-Jan,14660
4,9-Jan,338
7,9-Jan,9787
1,9-Jan,16271
11,9-Jan,8976
2,9-Jan,35634
37,9-Jan,267
18,9-Jan,27020
5,9-Jan,29900
5,9-Jan,52239
3,9-Jan,25824
2,9-Jan,648
8,9-Jan,227
14,9-Jan,2635
16,9-Jan,17832
14,9-Jan,30461
6,9-Jan,52175
4,9-Jan,4639
7,9-Jan,28278
7,9-Jan,32136
19,9-Jan,5628
20,9-Jan,50049
18,9-Jan,12716
59,9-Jan,14860
20,9-Jan,6568
8,9-Jan,9908
2,9-Jan,1200558
16,9-Jan,57601
2,9-Jan,54500
86,9-Jan,23691
3,9-Jan,34208
2,9-Jan,19404
2,9-Jan,49220
2,9-Jan,21925
1,9-Jan,2239
11,9-Jan,45
1,9-Jan,6486
6,9-Jan,58391
7,9-Jan,11834
2,9-Jan,417292
4,9-Jan,245
9,9-Jan,4926
8,9-Jan,39809
4,9-Jan,30618
7,9-Jan,45955
130,9-Jan,48684
26,9-Jan,13724
2,9-Jan,4950
16,9-Jan,53162
4,9-Jan,1431
3,9-Jan,1284
1,9-Jan,9269
5,9-Jan,53777
2,9-Jan,242241
3,9-Jan,17815
9,9-Jan,56285
4,9-Jan,6083
15,9-Jan,1249
1,9-Jan,14467
3,9-Jan,784
9,9-Jan,47110
1,9-Jan,12388
19,9-Jan,7734
13,9-Jan,25418
2,9-Jan,25333
2,9-Jan,17343
5,9-Jan,15622
1,9-Jan,445
7,9-Jan,13188
9,9-Jan,29125
11,9-Jan,1084
1,9-Jan,1088
9,9-Jan,28832
22,9-Jan,18804
45,9-Jan,33051
1,9-Jan,7034
5,9-Jan,3571
53,9-Jan,42475
7,9-Jan,8090
40,9-Jan,15124
2,9-Jan,54486
